#{"t_start": 1769701793.8622482, "env_id": "V2GEnv-simple-v0"}
r,l,t
-12.84116,35,1.549328
-1.468692,24,1.58633
-6.140145,40,1.665858
-1.754148,30,1.714856
-3.832071,33,1.763369
-3.249586,27,1.803369
-1.78826,31,1.849887
-2.730743,26,1.888887
-3.49293,29,1.935806
-6.337515,36,1.989398
-1.711631,32,2.036527
-5.243387,25,2.074526
-1.062179,26,2.11253
-2.101684,28,2.157049
-5.058398,38,2.222056
-0.806333,30,2.273496
-8.610995,24,2.309498
-4.340354,27,2.357013
-5.13652,39,2.416019
-1.65902,29,2.459532
-1.048579,29,2.504533
-6.109908,36,2.559049
-2.247484,27,2.600052
-0.0925,35,2.651567
-0.602098,28,2.692569
-0.610018,26,2.733083
-4.272679,34,2.791083
-0.141293,31,2.846639
-0.309375,37,2.900604
-3.834814,26,2.94412
-1.780759,32,2.993118
-1.366885,22,3.027125
-2.004167,36,3.08364
-2.009981,21,3.115644
-2.005814,32,3.166155
-2.00464,24,3.203156
-2.879474,30,3.248669
-1.274503,30,3.304672
-6.509655,29,3.357232
-1.887868,30,3.418236
-1.802599,35,3.47275
-5.812807,27,3.514755
-1.751023,24,3.550267
-7.012973,28,3.59527
-5.719001,31,3.659787
-2.933461,25,3.700789
-4.606711,27,3.743304
-0.974872,29,3.788307
-2.801739,28,3.833827
-3.374573,25,3.872827
-1.799763,25,3.919909
-3.035632,34,3.993385
-2.228999,29,4.040908
-2.729167,28,4.086597
-2.809327,26,4.126199
-1.7125,33,4.18093
-4.670089,33,4.233968
-4.109123,34,4.289968
-7.782361,41,4.355483
-1.879642,29,4.401486
-3.5975,25,4.443007
-2.60566,31,4.502007
-1.64912,30,4.55652
-2.471484,32,4.60952
-9.725587,34,4.664039
-2.066995,24,4.711041
-7.002637,27,4.755555
-3.550117,28,4.801555
-0.50625,36,6.383388
-3.417563,36,6.441909
-0.369874,28,6.488911
-2.907206,31,6.538425
-0.274833,30,6.597426
-7.181386,38,6.663945
-3.505722,30,6.716954
-1.345565,29,6.768466
-1.283333,40,6.843988
-3.213333,32,6.905997
-5.663166,28,6.957514
-0.527494,37,7.019521
-2.628201,28,7.067033
-0.698568,28,7.114037
-1.819167,30,7.163551
-3.321887,31,7.214556
-0.357596,32,7.270068
-4.555873,31,7.321073
-2.014727,27,7.368588
-3.417392,35,7.445107
-2.446311,30,7.524116
-1.471404,36,7.595629
-1.621069,30,7.645149
-3.809953,29,7.697151
-7.380326,40,7.763665
-4.945006,32,7.819669
-0.756484,28,7.86718
-2.88551,26,7.913178
-0.58292,28,7.960693
-3.931818,41,8.040218
-0.455557,26,8.093261
-1.017239,34,8.160737
-1.392848,32,8.217743
-1.765692,28,8.266251
-4.334054,38,8.331768
-1.338864,31,8.392938
-3.485048,34,8.454375
-0.431667,34,8.51363
-1.691491,30,8.574148
-3.58152,33,8.633669
-2.444605,30,8.70467
-0.760514,29,8.760189
-3.531765,38,8.829699
-4.269673,43,8.905708
-4.360625,37,8.991223
-0.125,29,9.047736
-1.70552,26,9.09374
-0.994375,24,9.135256
-2.734167,27,9.181255
-2.592679,40,9.261775
-0.613485,46,9.358292
-2.420504,29,9.408295
-0.462645,37,9.473818
-5.155424,40,9.543329
-2.133901,30,9.59433
-0.838465,20,9.627336
-2.446862,23,9.678849
-2.78302,29,9.747361
-0.579606,33,9.813365
-9.455512,33,9.880888
-0.545047,41,9.960478
-0.604427,26,10.009479
-1.409375,37,10.082994
-1.327487,23,10.125
-2.556981,32,12.163934
-0.642256,26,12.220977
-1.18022,38,12.293117
-3.968963,30,12.34563
-2.685882,25,12.391633
-5.017291,36,12.455149
-3.757879,24,12.500147
-0.779555,27,12.548669
-1.067706,24,12.592673
-1.010309,32,12.651188
-1.293153,46,12.753978
-1.557576,28,12.813403
-3.029381,26,12.86156
-0.631848,30,12.914564
-1.028296,28,12.967079
-1.741667,40,13.039597
-0.312796,40,13.109598
-1.797471,26,13.158117
-4.185327,39,13.228124
-3.0179,29,13.285637
-1.356667,36,13.366805
-3.303999,29,13.41881
-8.070004,33,13.479318
-0.738128,23,13.523323
-1.159475,32,13.583839
-6.530803,26,13.637357
-5.649362,30,13.702357
-0.962001,28,13.754871
-1.881305,28,13.806875
-0.377872,30,13.871402
-5.653125,26,13.934999
-1.647431,30,13.990961
-1.796356,25,14.039476
-1.037311,24,14.102477
-0.599919,37,14.172997
-0.457377,45,14.266518
-0.278703,28,14.317524
-1.262989,27,14.370039
-0.425729,33,14.432564
-1.664154,45,14.535116
-0.485625,27,14.596085
-0.6875,35,14.663604
-1.233984,42,14.745121
-0.661928,41,14.834636
-1.827743,28,14.891129
-3.05,35,14.960387
-3.552719,29,15.018424
-3.218067,29,15.082938
-3.490059,23,15.136466
-6.187196,28,15.189461
-1.452559,32,15.251977
-3.476011,32,15.311982
-3.382739,27,15.365504
-1.372744,37,15.455024
-1.30625,31,15.514028
-0.4625,34,15.589539
-2.282898,41,15.683689
-1.319109,34,15.749208
-2.7125,31,15.809207
-0.571405,33,15.870724
-1.371732,30,15.930729
-0.156555,36,16.001244
-0.494426,47,16.089758
-0.700404,41,16.171272
-6.918285,24,40.167937
-11.260101,39,40.245458
-5.945244,23,40.290457
-7.520119,29,40.352983
-9.402009,32,40.428988
-13.641573,38,40.5075
-6.431677,36,40.58202
-8.831384,40,40.658543
-18.112096,45,40.757064
-12.745386,43,40.846172
-8.874899,35,40.927968
-6.634086,31,40.998484
-6.247259,28,41.065
-9.332588,34,41.135007
-7.346995,34,41.201523
-12.756395,40,41.283041
-7.698513,26,41.346561
-7.01321,36,41.419562
-6.66764,37,41.495076
-8.736101,31,41.562598
-9.094855,29,41.632611
-8.340887,29,41.701128
-9.751338,32,41.775646
-6.582284,26,41.828652
-5.227904,31,41.902164
-7.156202,29,41.957683
-6.568906,37,42.032688
-11.680907,33,42.1002
-8.340582,32,42.205727
-8.543963,31,42.268185
-10.383201,42,42.35671
-7.00869,33,42.423709
-8.291467,39,42.503224
-10.364526,47,42.599747
-11.476671,37,42.676259
-7.677985,36,42.763781
-11.614516,40,42.853296
-5.101896,24,42.905297
-5.316334,27,42.966608
-7.254375,27,43.040144
-7.385993,35,43.115174
-7.621791,28,43.172691
-7.969481,40,43.255211
-10.947354,43,43.362737
-7.714657,31,43.431743
-7.099106,32,43.50225
-4.35113,19,43.547765
-5.158341,28,43.604769
-6.329864,30,43.67128
-10.06542,30,43.734287
-8.995401,30,43.797797
-13.304053,42,43.899327
-5.493428,33,43.97684
-6.293211,31,44.052361
-13.714249,42,44.140873
-7.170945,41,44.229884
-14.980173,46,44.329401
-9.242813,36,44.406918
-7.238936,32,44.490439
-11.909193,39,44.577953
-9.192898,33,46.005151
-7.609397,30,46.070667
-6.823528,25,46.12467
-9.991422,36,46.204193
-7.929168,35,46.300722
-9.15083,31,46.368243
-13.248694,44,46.474758
-8.704833,25,46.533763
-5.555229,33,46.631282
-10.246145,34,46.709795
-11.295665,35,46.788318
-9.926537,31,46.873844
-8.423968,28,46.945362
-8.657107,35,47.022362
-5.884184,36,47.103876
-11.990114,42,47.196403
-12.562011,38,47.285526
-6.742558,35,47.362716
-7.049713,32,47.443273
-15.205936,37,47.536271
-8.912974,32,47.615788
-6.474152,38,47.707308
-12.949447,36,47.787825
-8.13886,28,47.853343
-17.989754,45,47.954865
-5.679713,22,48.010867
-9.176627,39,48.106395
-13.748079,37,48.189912
-6.369639,33,48.268434
-9.150205,34,48.34395
-9.423844,39,48.440956
-8.459243,32,48.516473
-15.536068,33,48.607002
-7.606414,31,48.678519
-8.299213,40,48.776043
-9.67472,33,48.86956
-11.914382,40,48.963082
-8.803198,26,49.023085
-6.526984,29,49.100603
-5.413677,27,49.174134
-10.538815,52,49.296649
-9.826823,37,49.380174
-9.290741,27,49.445461
-6.766391,28,49.510571
-5.864825,30,49.581607
-10.247109,29,49.647119
-6.891134,24,49.709122
-7.476524,29,49.786646
-3.987047,26,49.846167
-7.862236,33,49.923168
-6.048421,31,49.99269
-10.126681,31,50.073209
-10.243841,33,50.153731
-7.092971,36,50.236737
-4.213031,25,50.300246
-9.514105,33,50.405778
-7.373512,31,50.504292
-9.846099,37,50.604811
-6.066876,25,50.673331
-6.946507,27,50.74685
-3.872093,23,50.801854
-4.02207,27,50.864346
-12.763789,28,50.944869
-10.168775,42,52.405106
-6.253306,39,52.497626
-6.540672,27,52.569147
-8.150738,40,52.680682
-6.28181,26,52.745197
-5.749955,23,52.800198
-7.723708,29,52.869712
-4.157434,24,52.926713
-6.652303,23,52.984234
-6.83001,34,53.063747
-7.909126,25,53.13875
-8.034281,39,53.242278
-11.083237,35,53.332803
-6.877288,35,53.424321
-13.873302,37,53.512838
-11.153999,33,53.59036
-6.329488,23,53.647874
-7.904219,36,53.738106
-8.561226,23,53.798886
-7.509858,31,53.889605
-4.649808,28,53.957127
-6.781912,34,54.040133
-7.86021,31,54.122645
-5.294172,27,54.195162
-9.207821,33,54.27268
-4.104942,25,54.335685
-6.320226,29,54.4252
-6.130412,24,54.490728
-4.654228,34,54.573248
-8.582983,25,54.635251
-7.248387,33,54.715762
-4.092921,25,54.777287
-7.911356,41,54.8768
-7.7422,50,55.009322
-7.762421,31,55.090846
-7.344356,31,55.174361
-5.80855,25,55.23437
-8.518119,34,55.326883
-6.860451,21,55.379402
-9.853582,29,55.457922
-7.746375,35,55.55445
-7.924531,33,55.648964
-9.640108,36,55.738971
-4.799872,30,55.810487
-7.487013,26,55.878351
-12.373897,37,55.977619
-5.328693,25,56.050174
-7.436714,33,56.144692
-7.643107,33,56.231705
-11.300445,40,56.334757
-8.91811,45,56.450787
-7.06213,36,56.543793
-7.823962,28,56.615308
-8.49648,31,56.694827
-4.858685,24,56.760352
-7.646766,34,56.86287
-15.293238,35,56.952391
-8.204699,25,57.015392
-8.468208,26,57.081903
-7.52765,27,57.153422
-6.002895,31,57.231432
-5.95722,29,57.306946
-7.595797,30,57.400205
-6.91245,28,57.473714
-7.565649,27,57.551238
-9.883859,39,57.65975
-13.174893,28,93.028565
-11.502277,39,93.140084
-13.486748,25,93.218647
-10.191959,25,93.301131
-13.058464,29,93.383643
-12.149157,23,93.444652
-10.980893,33,93.54717
-11.621621,28,93.619679
-9.766459,44,93.758215
-15.328032,47,93.909371
-10.911295,27,93.98789
-25.962895,35,94.097405
-20.47323,40,94.211925
-14.529744,30,94.290446
-15.965403,32,94.377007
-12.669558,29,94.462527
-12.102816,32,94.552534
-10.445357,30,94.63105
-12.539366,37,94.73518
-11.393922,34,94.824335
-11.741071,35,94.953893
-12.207594,25,95.030481
-11.040683,22,95.088994
-7.822096,28,95.166507
-11.843325,31,95.249519
-11.927525,28,95.331027
-14.493247,29,95.411541
-15.238208,38,95.514107
-9.955806,26,95.590588
-13.221016,31,95.675106
-6.528002,25,95.751115
-7.703552,28,95.831624
-22.506773,38,95.93314
-9.570307,22,96.021653
-19.815782,36,96.147181
-12.055358,21,96.23269
-27.847427,48,96.371723
-18.064922,28,96.455734
-13.043273,34,96.548252
-6.260684,21,96.605765
-14.66384,30,96.693286
-14.918285,26,96.775854
-8.091953,31,96.870528
-10.67147,30,96.961691
-15.079079,41,97.093208
-6.579505,27,97.167763
-8.073565,28,97.239728
-11.986486,40,97.353298
-11.892365,25,97.435898
-15.15946,37,97.535375
-16.979979,31,97.62089
-13.11626,41,97.740405
-12.509589,30,97.826924
-9.239583,25,97.899482
-6.74142,26,98.002043
-10.853601,35,98.108555
-9.733382,35,98.209078
-10.53802,27,98.283599
-19.459429,30,98.367114
-14.605926,34,98.46012
-15.204839,36,98.578242
-9.259015,25,98.648217
-11.990698,27,98.72373
-10.130745,32,98.812246
-17.808284,44,98.933767
-11.443443,28,100.367036
-8.111842,20,100.423035
-10.511247,23,100.493555
-8.459845,29,100.576069
-9.34003,30,100.66008
-7.732795,31,100.758597
-6.579388,32,100.852119
-9.071886,27,100.936675
-8.771043,28,101.013148
-7.097552,27,101.085669
-13.060283,28,101.168123
-12.351955,25,101.239855
-9.076165,24,101.305881
-7.457426,26,101.379395
-11.43302,21,101.450464
-9.664611,32,101.543984
-6.311751,27,101.617497
-7.784861,23,101.683017
-11.893882,37,101.786535
-15.10964,31,101.874056
-10.877564,25,101.944058
-11.560308,21,102.012246
-9.40448,26,102.091733
-5.595506,29,102.170235
-7.070821,28,102.249246
-9.182542,30,102.333759
-7.956004,30,102.417278
-9.574462,18,102.468798
-6.945312,26,102.544844
-11.875901,37,102.66287
-11.097299,25,102.729876
-9.938546,25,102.802392
-8.351008,25,102.875908
-8.021049,37,103.008424
-8.395953,21,103.065942
-8.300695,24,103.135988
-7.696842,22,103.211583
-6.560753,26,103.295694
-7.700792,28,103.382054
-12.673217,30,103.469594
-10.897,24,103.539598
-6.422289,25,103.610109
-11.903528,34,103.70867
-9.724467,37,103.82721
-7.947047,25,103.897689
-11.387789,29,103.980204
-7.952462,26,104.054214
-13.623374,24,104.125726
-10.726397,26,104.201239
-11.091099,31,104.289752
-7.683523,24,104.378273
-7.045219,33,104.477791
-10.172879,22,104.543793
-12.283206,34,104.641318
-10.504005,25,104.712837
-11.887533,28,104.794353
-9.149253,20,104.853359
-14.512751,27,104.940022
-9.520951,32,105.034502
-12.352396,23,105.103023
-11.291229,35,105.205543
-6.518205,37,105.315065
-10.295541,29,105.399591
-4.208452,33,105.509204
-9.678312,25,105.58744
-6.306762,32,105.681958
-8.432569,26,105.759967
-13.607053,24,105.83048
-8.405162,21,105.892002
-12.759505,33,105.987521
-7.522267,24,106.057531
-11.809322,27,106.142075
-15.264916,27,106.228675
-4.803888,41,106.348192
-11.241213,26,107.77364
-5.447229,26,107.852655
-9.262113,23,107.921214
-6.315051,28,108.017793
-6.671501,31,108.111269
-8.320684,42,108.241791
-8.364482,21,108.30632
-10.674278,26,108.393838
-6.944922,26,108.483357
-7.022571,30,108.591987
-8.011519,30,108.68151
-6.743981,34,108.783028
-11.450092,35,108.888545
-5.47941,28,108.976057
-7.083761,23,109.046059
-5.696449,24,109.125663
-7.25148,30,109.221173
-5.284644,25,109.305695
-9.789369,22,109.378209
-8.592184,23,109.446209
-11.660317,30,109.538727
-11.189696,25,109.622241
-5.534896,27,109.718809
-14.991879,31,109.815547
-5.472091,25,109.893741
-8.572377,21,109.959747
-15.591637,37,110.071774
-7.317467,23,110.143779
-7.179141,37,110.266811
-7.662125,28,110.365378
-9.037944,30,110.484902
-7.302191,19,110.541903
-7.362531,25,110.620417
-10.222301,37,110.732936
-8.878142,24,110.808492
-8.350245,19,110.882043
-6.357745,22,110.950042
-10.62577,34,111.060571
-9.512482,31,111.1696
-6.257048,28,111.271117
-8.937199,23,111.360124
-11.867384,38,111.497161
-7.277036,22,111.565684
-7.56262,23,111.639692
-9.145524,20,111.703208
-9.504885,20,111.76572
-12.455162,32,111.866239
-5.747274,29,111.959526
-11.966859,38,112.09309
-7.131344,24,112.166603
-8.061011,29,112.257617
-11.207867,35,112.365138
-8.434048,29,112.453655
-10.093188,41,112.592247
-6.726822,27,112.682806
-4.518712,23,112.754811
-7.438577,26,112.83633
-7.336657,26,112.919846
-13.42733,27,113.005364
-9.799155,27,113.096962
-12.062915,29,113.201562
-16.768456,25,113.280078
-5.397922,30,113.386592
-7.794014,20,113.457603
-6.328241,38,113.583632
-5.906742,27,113.680144
-9.118664,21,113.769748
-7.90163,25,113.858723
-6.201659,29,113.948223
-8.075555,19,114.016742
-9.301595,36,114.138619
-7.466182,35,114.253793
-9.043908,21,114.340308
-10.944705,38,114.479419
-16.198172,34,162.338712
-17.139536,37,162.470224
-18.105538,26,162.561744
-10.113681,24,162.650259
-11.621548,19,162.716779
-9.485414,22,162.815838
-8.605524,21,162.9024
-10.108754,25,162.992913
-6.742356,28,163.093432
-7.839708,26,163.186439
-8.877302,23,163.261951
-10.606776,22,163.335469
-8.652951,22,163.416992
-18.824993,29,163.509514
-14.615661,24,163.598624
-6.167943,38,163.720751
-7.554966,29,163.813269
-13.906738,28,163.904784
-7.554305,25,164.004348
-12.430994,32,164.110868
-10.516013,22,164.198386
-8.048616,32,164.30291
-5.031495,16,164.354908
-12.397039,31,164.461428
-10.74032,26,164.568948
-11.320785,32,164.689012
-14.326573,20,164.762021
-15.024788,24,164.837535
-12.158594,32,164.939055
-10.457776,36,165.057575
-13.106604,23,165.150136
-13.531564,26,165.239727
-10.882215,21,165.311247
-18.290999,35,165.424764
-12.095933,22,165.50328
-10.6785,32,165.608807
-20.344096,28,165.711034
-15.990191,27,165.804678
-13.027711,32,165.908823
-10.036503,32,166.013341
-6.952328,28,166.114862
-13.692669,27,166.208379
-10.796228,30,166.314983
-12.030623,38,166.4525
-10.518921,34,166.566018
-12.036955,21,166.638531
-15.607331,24,166.719054
-9.627003,25,166.80057
-8.527479,24,166.882621
-9.493697,23,166.972142
-12.356663,21,167.043721
-9.327699,27,167.131242
-8.407602,23,167.234759
-14.891494,33,167.345279
-6.910325,23,167.4238
-9.36355,29,167.536328
-10.692859,27,167.635842
-5.09037,33,167.748367
-10.568371,22,167.829883
-15.931828,35,167.946811
-8.677167,35,168.071557
-12.250554,19,168.147079
-15.509809,28,168.238598
-11.177693,39,168.371116
-10.246605,27,168.464634
-7.547659,26,168.554152
-11.784795,23,168.644671
-8.196484,28,168.751878
-15.064839,23,168.830397
-17.17136,21,168.908915
-12.127331,32,169.018489
-10.371131,22,169.095011
-11.308852,24,169.179016
-11.700429,20,169.257532
-9.759474,25,169.348063
-13.547102,29,170.829631
-12.026159,21,170.900149
-6.849394,46,171.06175
-16.506848,27,171.156277
-10.657896,22,171.237792
-14.468865,21,171.307308
-9.043273,32,171.415821
-9.131786,33,171.525342
-11.793035,24,171.628896
-13.979663,30,171.754419
-11.446139,19,171.82094
-15.142872,20,171.892454
-10.431177,28,171.991466
-8.123937,31,172.097492
-11.591815,23,172.18786
-9.003367,24,172.275477
-7.740633,27,172.368655
-8.917735,42,172.517689
-13.154739,27,172.610269
-12.591225,29,172.732839
-6.875334,39,172.888433
-10.133885,30,172.99646
-8.699939,36,173.129977
-16.47346,20,173.206492
-9.207633,20,173.286501
-13.716944,26,173.387152
-13.890235,21,173.458691
-17.963036,28,173.574209
-6.292045,35,173.714243
-9.974698,34,173.841765
-12.59862,49,174.063878
-9.673895,24,174.155932
-6.426019,31,174.273445
-5.757173,25,174.380215
-8.245226,31,174.516473
-9.090037,29,174.634993
-9.172519,22,174.730511
-18.332191,27,174.834025
-9.630506,39,174.993553
-9.601808,34,175.137589
-3.773501,30,175.250107
-9.857763,38,175.393632
-12.100292,33,175.515662
-7.040091,30,175.643309
-9.44478,25,175.742912
-11.449474,18,175.812426
-11.065985,37,175.961949
-14.833014,31,176.085474
-13.03895,29,176.198586
-8.899437,31,176.322147
-11.177896,29,176.430662
-10.007576,44,176.60074
-11.770419,22,176.68426
-7.623827,22,176.769369
-10.642391,30,176.890927
-14.038672,25,176.989452
-5.598288,24,177.091973
-10.889866,25,177.197369
-8.036689,34,177.33289
-16.297875,19,177.409441
-7.608233,28,177.539035
-6.883386,27,177.646595
-8.087491,24,177.740066
-9.992691,29,177.853587
-6.228411,41,178.0267
-10.300838,30,178.157257
-9.888803,32,178.284782
-8.4994,30,178.404809
-8.702796,21,178.491816
-10.47154,32,178.625108
-14.773074,27,178.7319
-8.5078,22,178.82045
-11.051569,22,180.22376
-9.449303,21,180.298312
-7.717102,26,180.407918
-4.510014,20,180.478922
-9.114406,49,180.654957
-8.042386,33,180.775819
-13.695421,38,180.920672
-9.500482,34,181.056189
-8.144188,25,181.147708
-5.793284,31,181.260226
-8.83133,26,181.353745
-7.116061,35,181.479263
-4.647809,27,181.580782
-5.827682,44,181.737891
-9.93663,27,181.843406
-7.174002,32,181.959929
-7.91446,25,182.051445
-14.431689,23,182.151969
-5.945986,35,182.295531
-7.790757,37,182.440559
-8.034001,25,182.53208
-5.026812,48,182.7152
-12.434764,23,182.803713
-11.488269,22,182.886719
-9.980207,19,182.960348
-9.058138,22,183.03702
-8.451746,19,183.113565
-13.575346,20,183.194571
-9.09182,26,183.305605
-7.627482,33,183.442124
-8.468135,41,183.605157
-10.993602,24,183.71068
-8.643183,22,183.811234
-13.313882,23,183.923843
-9.28113,27,184.033321
-8.104521,33,184.184852
-9.49018,26,184.297872
-9.58279,38,184.461435
-13.966055,25,184.579013
-8.469495,18,184.658526
-5.865415,37,184.812555
-9.366165,33,184.951078
-5.097087,22,185.057595
-12.472878,41,185.261593
-7.927787,21,185.34411
-9.774229,24,185.446625
-11.718034,29,185.585154
-7.505192,14,185.648673
-9.743322,26,185.766265
-4.308884,19,185.851784
-6.557461,34,185.997313
-10.647431,21,186.091829
-6.619783,24,186.197349
-8.606162,34,186.362052
-9.293503,29,186.478573
-12.631355,21,186.569094
-13.671691,20,186.657618
-8.085393,41,186.835472
-6.143852,18,186.933997
-5.798471,27,187.060478
-15.571515,23,187.163994
-6.629515,22,187.25904
-13.635914,30,187.387109
-9.955612,25,187.496666
-7.866791,26,187.60966
-9.611623,20,187.710182
-6.208346,21,187.803744
-8.334115,36,187.974263
-11.373443,26,188.094799
-6.463397,36,188.24483
-9.604317,27,188.369352
-9.044317,31,188.515388
-11.854838,21,188.615916
-7.030606,19,188.705505
-11.973185,24,254.372058
-11.102829,27,254.534096
-9.611253,37,254.703619
-14.816548,27,254.830656
-11.379884,34,254.973175
-10.023257,31,255.101697
-10.969796,29,255.224735
-16.23158,28,255.340251
-10.061865,51,255.574292
-9.305345,27,255.685809
-15.855702,26,255.798328
-11.953924,27,255.907848
-7.165674,23,256.041896
-8.715655,35,256.190521
-12.177908,23,256.28775
-14.876899,22,256.381312
-11.47251,29,256.505826
-13.49672,42,256.700876
-13.064116,33,256.847909
-6.860307,25,256.954426
-6.746623,17,257.025939
-20.104984,22,257.131466
-20.60155,24,257.240986
-6.698791,33,257.386507
-9.972148,25,257.49402
-10.484951,30,257.62254
-11.556785,29,257.769578
-15.868186,21,257.874095
-11.014948,31,258.012618
-15.923081,21,258.098127
-8.574856,28,258.212646
-12.181898,31,258.368412
-11.425864,19,258.457559
-8.209999,34,258.606076
-11.208185,33,258.748104
-7.960166,29,258.872633
-12.774138,28,259.00515
-16.335991,25,259.112673
-9.536964,28,259.2297
-17.204569,28,259.346217
-10.523078,26,259.462747
-8.736789,24,259.567267
-11.090755,22,259.663786
-10.968346,37,259.816305
-11.14329,37,259.975336
-11.731129,26,260.098875
-8.344897,32,260.237902
-10.873795,22,260.332421
-13.287929,20,260.421427
-9.323588,22,260.518035
-5.320417,38,260.692368
-7.243292,41,260.862402
-6.584316,37,261.025426
-15.246766,29,261.152952
-15.679972,24,261.272471
-10.853275,34,261.414993
-15.058658,21,261.503507
-15.476118,25,261.620026
-11.296332,24,261.730062
-16.35514,21,261.831158
-10.537563,33,261.972678
-10.313908,20,262.064195
-13.688272,36,262.212719
-6.852108,26,262.335761
-8.077751,30,262.487269
-12.309647,32,262.626306
-6.684756,29,262.759664
-10.158622,23,262.867702
-11.034055,45,263.075124
-7.946236,30,263.205641
-8.973721,39,263.386682
-13.649448,19,264.909171
-19.574739,22,264.998108
-10.334633,33,265.128663
-9.092602,36,265.278517
-5.059565,38,265.581019
-10.961294,36,265.953903
-8.298158,16,266.129938
-4.921852,40,266.559016
-14.512467,42,267.055229
-10.480105,30,267.377479
-10.031285,31,267.708035
-12.754385,21,267.968596
-13.297517,19,268.146631
-12.900803,20,268.381675
-7.647077,37,268.913276
-11.950451,29,269.370429
-10.732193,37,269.90904
-10.607049,30,270.351638
-9.005947,35,270.762719
-15.473173,32,271.159805
-13.144458,23,271.440513
-10.714329,37,271.8823
-10.317587,32,272.298373
-7.425814,25,272.632446
-5.591279,27,272.991
-17.653997,23,273.306553
-12.296172,19,273.577544
-10.729736,35,273.983033
-12.646963,26,274.281585
-10.616593,34,274.648648
-3.713152,29,274.998231
-11.073814,21,275.222275
-7.671783,28,275.575342
-14.564882,21,275.818464
-17.268305,23,276.103699
-5.440647,49,276.712806
-5.145487,35,277.107887
-14.996756,19,277.314924
-10.497058,33,277.706997
-11.847965,20,277.904027
-19.818478,25,278.158497
-18.461697,24,278.42055
-17.381211,21,278.631577
-16.514033,21,278.833121
-10.883492,43,279.32421
-9.194052,49,279.856311
-6.452481,47,280.342782
-14.459183,19,280.610823
-7.646182,34,280.949892
-12.922693,20,281.198934
-8.6801,22,281.44449
-11.755006,19,281.650523
-12.875783,18,281.880568
-8.713707,20,282.088492
-10.6057,23,282.321532
-12.673819,37,282.761831
-11.004875,27,283.024409
-12.573676,26,283.31196
-3.67147,36,283.684031
-11.098179,35,284.058113
-10.419187,32,284.364663
-18.284159,22,284.646219
-10.219862,22,284.85577
-14.508208,30,285.137315
-9.481515,19,285.35536
-7.209691,34,285.743441
-11.809443,26,286.056001
-8.409173,25,286.31004
-10.788017,21,286.521082
-12.028655,17,286.733119
-7.851882,46,287.198482
-9.718294,32,287.578552
-12.941695,18,290.622756
-15.841456,18,290.843305
-9.989838,35,291.19646
-9.625367,39,291.636718
-9.723889,34,291.980279
-10.721994,20,292.208326
-11.604671,36,292.594399
-15.512352,23,292.873961
-11.270799,28,293.214529
-9.302849,34,293.630868
-6.657603,36,293.994936
-8.761512,28,294.315493
-11.768478,30,294.616048
-8.356961,39,295.053646
-6.701479,42,295.47272
-10.179335,44,295.941836
-8.408508,24,296.176877
-11.495283,28,296.483441
-11.308116,25,296.813003
-8.481879,19,297.078568
-15.581415,21,297.311612
-10.296467,36,297.67815
-8.720187,19,297.905039
-7.556727,31,298.227706
-10.745527,25,298.531266
-5.830707,29,298.833815
-7.989143,25,299.079363
-9.806771,25,299.444452
-7.324834,33,299.808006
-9.852864,40,300.293487
-11.472189,37,300.725699
-8.630251,38,301.118766
-6.982469,16,301.349321
-9.821192,35,301.744391
-7.255532,36,302.155165
-9.516979,25,302.407869
-10.064652,40,302.903476
-9.891316,25,303.173027
-8.74577,26,303.484588
-14.563875,23,303.778139
-10.873812,22,304.062694
-9.130747,24,304.353148
-19.166494,19,304.562811
-7.766393,36,304.976886
-8.84236,39,305.443475
-11.960775,30,305.768036
-8.541783,33,306.162113
-10.865982,20,306.386145
-6.617019,32,306.76287
-7.28639,21,307.017907
-13.234059,20,307.227953
-6.573049,38,307.656547
-14.249237,32,308.004111
-11.496388,36,308.430792
-14.097983,37,308.908088
-9.341484,32,309.267173
-6.509733,36,309.668251
-11.321015,21,309.881288
-16.789317,20,310.105321
-11.788501,31,310.485407
-9.730507,30,310.827972
-7.924601,26,311.200334
-13.119745,25,311.491883
-13.509681,33,311.891948
-11.376735,19,312.111989
-13.890702,25,312.433553
-14.434458,24,312.688099
-8.081478,24,312.955664
-11.237517,34,313.365308
-12.67395,33,313.761387
-15.543912,22,438.623716
-15.91322,22,438.728235
-16.944759,19,438.823754
-7.8247,30,438.97227
-10.600824,39,439.167298
-12.023208,26,439.297679
-10.42877,27,439.425443
-10.758409,30,439.569957
-15.681304,27,439.708997
-10.43034,30,439.855579
-6.740544,25,439.973099
-15.373125,33,440.128129
-9.930544,29,440.270645
-20.114945,34,440.441763
-10.633638,37,440.621804
-8.062846,24,440.731321
-12.232951,43,440.936407
-11.698943,33,441.095445
-8.722328,37,441.267965
-12.866488,27,441.411
-15.005606,30,441.567946
-12.443214,23,441.691978
-13.868756,28,441.827504
-6.531922,46,442.057535
-11.420768,26,442.189577
-11.970251,36,442.352093
-8.062208,51,442.611645
-11.643369,19,442.709161
-15.138993,23,442.826646
-10.450531,48,443.058681
-17.846917,20,443.161205
-12.568401,30,443.31824
-10.158527,26,443.441756
-19.890058,19,443.543271
-6.462906,49,443.783294
-14.097484,27,443.935329
-9.978245,54,444.212874
-11.092157,40,444.416
-6.972837,44,444.633029
-14.65271,22,444.759545
-11.117173,37,444.950615
-9.17165,40,445.151677
-12.877198,22,445.264199
-13.427105,36,445.441235
-15.895219,38,445.653278
-8.948844,39,445.849715
-5.819132,41,446.058259
-14.834732,20,446.177785
-9.135325,41,446.367807
-7.99816,32,446.53184
-17.485712,25,446.660361
-13.82947,25,446.808237
-14.102693,22,446.922751
-12.896722,44,447.15379
-9.164889,35,447.342824
-5.779698,27,447.471341
-10.009868,22,447.582869
-10.981139,35,447.754893
-8.26741,17,447.834407
-8.246494,22,447.965019
-18.487134,39,448.148792
-10.248808,45,448.373832
-23.363368,30,448.539929
-9.506844,29,448.701964
-17.273485,21,448.812489
-7.875135,38,450.788386
-11.586729,38,450.973088
-10.047292,46,451.194646
-14.217375,32,451.344161
-11.776856,34,451.510206
-5.173614,29,451.646731
-8.427762,35,451.803762
-15.088709,24,451.943279
-12.325304,23,452.067801
-7.951529,47,452.312106
-8.146934,37,452.49317
-6.412285,39,452.690803
-15.531238,33,452.858826
-10.892219,33,453.019861
-13.423915,20,453.115378
-15.758695,24,453.238901
-10.546935,35,453.418931
-15.454497,29,453.554451
-12.431053,26,453.689976
-16.390955,21,453.806087
-20.709651,35,453.989613
-14.997265,49,454.240153
-7.342929,27,454.380037
-19.889201,33,454.536354
-12.146069,24,454.658868
-17.521203,20,454.755386
-10.181403,17,454.843901
-17.214146,29,455.016958
-9.593038,26,455.146473
-8.612294,21,455.246988
-13.689503,36,455.424027
-12.796008,20,455.526548
-15.860685,22,455.637941
-8.956352,32,455.816976
-14.244577,26,455.947489
-12.216581,42,456.185532
-11.769413,35,456.364564
-20.293217,20,456.470078
-15.919964,20,456.586355
-8.777397,30,456.759948
-9.233841,27,456.906982
-10.65072,20,457.011495
-17.397296,29,457.161015
-21.305927,26,457.298056
-9.071535,46,457.517089
-9.596664,33,457.687616
-9.274949,29,457.85274
-15.285192,31,458.009807
-16.102917,26,458.14832
-8.40517,41,458.346353
-6.945638,44,458.566386
-10.335575,42,458.773129
-6.279208,43,459.014711
-12.708317,25,459.135222
-16.556718,19,459.237735
-13.312008,23,459.348249
-17.926226,24,459.468765
-9.953813,49,459.733244
-11.239742,33,459.888769
-9.592516,21,459.994286
-10.472327,40,460.215846
-13.751771,47,460.459873
-11.337023,41,460.665906
-10.335598,46,460.900993
-11.786827,53,462.53538
-13.079037,17,462.613901
-10.310581,21,462.718415
-12.00365,28,462.852936
-11.438383,49,463.083636
-10.913765,54,463.366735
-14.403873,30,463.535767
-13.364062,42,463.765924
-13.171207,62,464.076475
-19.208147,24,464.202509
-14.039818,22,464.321031
-15.248804,35,464.500062
-11.298972,38,464.708096
-18.307197,28,464.852619
-11.841751,21,464.970138
-12.926653,30,465.130195
-9.466021,49,465.382471
-16.307451,24,465.525578
-14.915268,22,465.6451
-9.362811,41,465.854129
-7.376978,38,466.08117
-7.581261,42,466.309736
-17.885565,23,466.441253
-17.080457,43,466.682288
-15.006861,19,466.788807
-17.687122,21,466.89783
-19.709972,19,466.993844
-14.545418,25,467.125867
-14.224374,33,467.307632
-9.325681,44,467.528242
-8.584476,42,467.751277
-10.56102,47,468.011839
-10.596902,26,468.148355
-10.970937,26,468.282873
-11.579444,39,468.490915
-12.451737,36,468.699452
-13.139342,22,468.819969
-15.80289,23,468.961487
-12.626407,41,469.204124
-14.573731,22,469.314637
-13.825678,24,469.438871
-13.412323,21,469.542967
-10.803593,27,469.71262
-11.345241,34,469.894141
-16.025925,18,469.993654
-12.07235,30,470.143679
-15.804673,33,470.329793
-6.800652,37,470.521821
-9.737747,36,470.711862
-23.313668,20,470.839383
-13.94643,40,471.046415
-11.480817,20,471.154933
-14.374906,38,471.379009
-11.762207,44,471.62508
-8.468459,48,471.881984
-9.706927,22,472.023069
-15.414224,23,472.164589
-11.521945,39,472.387625
-6.638505,32,472.569696
-8.980715,31,472.740687
-7.078647,30,472.899713
-7.240869,16,472.996725
-9.89308,48,473.274361
-13.68855,22,473.409394
-12.78588,31,473.580909
-9.329374,36,631.057104
-14.887329,25,631.413169
-12.652897,31,631.803239
-7.732229,31,632.233523
-17.730546,26,632.59325
-7.406611,42,633.135868
-16.162576,42,633.7117
-14.307435,33,634.185288
-21.408698,23,634.485844
-11.911063,31,634.935972
-13.757596,24,635.266124
-11.568705,19,635.527162
-14.25308,16,635.731194
-11.364294,32,636.163852
-11.397921,47,636.810347
-10.584225,28,637.161689
-15.127893,21,637.472293
-15.854839,40,638.018971
-14.820921,21,638.284516
-13.460921,34,638.756693
-17.785486,20,639.022189
-11.322839,20,639.310075
-12.258502,32,639.719107
-16.488751,19,640.011698
-9.479801,32,640.432759
-21.072023,25,640.793839
-10.180515,55,641.552889
-4.878985,40,642.105027
-10.045417,35,642.570732
-11.168505,30,642.979801
-21.471193,23,643.320402
-18.121194,17,643.552477
-20.325346,48,644.199724
-13.28129,27,644.538273
-23.73279,36,645.038991
-17.61918,46,645.662901
-7.84688,49,646.349625
-18.724575,28,646.748701
-10.222938,37,647.214277
-12.908255,53,647.939293
-17.726698,23,648.276371
-7.657224,26,648.611962
-12.20947,43,649.204031
-17.171698,30,649.636106
-10.452437,34,650.146248
-8.560239,31,650.544322
-11.386495,21,650.857898
-24.704127,22,651.136445
-6.901598,47,651.781113
-16.119329,50,652.458712
-6.970276,44,653.061016
-19.825539,19,653.31759
-12.035581,23,653.657117
-12.82867,38,654.186382
-13.567943,43,654.787326
-15.45947,50,655.473036
-14.781166,30,655.866591
-14.90027,26,656.264739
-9.640472,32,656.732686
-11.891676,34,657.183309
-10.683619,19,657.478984
-13.114599,40,658.047616
-11.852853,31,658.455685
-17.911669,26,661.56382
-13.019375,34,661.991402
-13.896359,17,662.256448
-16.908422,25,662.588516
-9.344094,32,663.069639
-15.952416,21,663.355472
-9.904262,25,663.735664
-16.262814,21,664.053222
-8.437781,34,664.521824
-12.684773,19,664.814394
-11.204463,38,665.352657
-14.599154,37,665.911727
-15.187069,31,666.364884
-16.43446,21,666.646423
-13.793193,35,667.162058
-14.899108,40,667.749926
-14.566602,47,668.417597
-12.55906,40,668.981826
-10.410969,32,669.416943
-17.022349,25,669.794386
-12.374227,34,670.307021
-11.930342,49,670.988689
-16.170923,29,671.379763
-9.759586,35,671.898787
-15.80743,25,672.285568
-16.622995,22,672.598125
-12.069917,33,673.085751
-4.905942,34,673.581418
-15.404446,33,674.034814
-21.940626,22,674.378094
-20.496719,22,674.673136
-9.812784,47,675.429395
-12.628363,22,675.797466
-15.463445,42,676.424917
-12.866343,29,676.91051
-9.799189,27,677.294624
-14.994147,51,678.03326
-17.224992,23,678.412625
-10.515983,25,678.770688
-23.022953,29,679.217322
-19.479673,37,679.744917
-11.403969,18,679.979464
-14.604755,25,680.390547
-9.748405,25,680.774938
-18.111531,18,681.047493
-14.259939,39,681.585609
-9.806413,25,681.974169
-15.286176,27,682.380793
-13.949647,24,682.718342
-15.021735,41,683.356483
-12.65614,35,683.877075
-12.209331,29,684.267148
-8.773321,42,684.879768
-14.047432,22,685.239362
-14.754776,40,685.824473
-10.288941,34,686.288071
-13.320343,31,686.755274
-15.357072,25,687.133347
-13.45909,21,687.423275
-13.681066,24,687.820344
-11.238598,42,688.430418
-20.068783,19,688.707983
-18.210667,36,689.250582
-15.811526,24,689.628479
-12.11456,18,689.945042
-11.230171,43,690.563245
-10.794314,21,690.843799
-11.046384,29,691.283424
-9.89116,43,694.812156
-8.842331,41,695.433266
-12.303682,39,696.053255
-15.143002,27,696.42596
-14.050807,19,696.746524
-10.204395,27,697.146595
-8.743736,26,697.539726
-12.651339,35,698.099475
-10.297306,39,698.731228
-10.278432,29,699.148299
-13.055007,28,699.58137
-6.838698,17,699.820911
-9.898661,18,700.121537
-11.225046,49,700.92555
-13.932476,32,701.439136
-15.119655,25,701.786199
-15.504532,38,702.382806
-7.633298,29,702.84305
-11.440438,60,703.776706
-14.803289,22,704.15278
-20.582385,19,704.42433
-10.863253,36,704.976428
-11.028605,43,705.624088
-16.094108,39,706.264206
-8.673124,40,706.892879
-11.898281,31,707.331875
-7.960208,40,707.935061
-11.776109,27,708.356139
-12.62134,25,708.74622
-13.499703,33,709.229959
-17.046648,29,709.675559
-11.989908,48,710.387698
-17.469459,26,710.813771
-12.199743,22,711.142334
-11.332994,26,711.574633
-24.949771,30,712.001219
-14.391246,31,712.480304
-8.067112,18,712.779933
-6.86945,40,713.364048
-16.374861,22,713.731434
-12.468392,25,714.131509
-9.000844,21,714.436065
-19.314416,23,714.822227
-16.233986,24,715.170784
-17.113899,32,715.67686
-19.916326,25,716.036126
-10.873133,26,716.445285
-7.867705,42,717.082542
-11.408255,32,717.592678
-9.536969,27,717.987045
-13.445026,35,718.535658
-13.632625,33,719.046247
-18.044073,33,719.551838
-13.377908,33,720.076888
-14.912056,25,720.44693
-13.793718,28,720.906542
-12.738385,33,721.40414
-8.506256,39,722.030248
-11.466464,25,722.439116
-13.779504,26,722.863205
-17.455231,20,723.155755
-7.443652,36,723.715944
-5.760023,43,724.381729
-6.880745,35,724.942126
-10.323321,38,725.561292
-13.080255,34,726.100414
-12.654601,43,960.818149
-7.718775,41,961.084704
-18.165732,54,961.449259
-17.739901,20,961.575782
-14.84636,28,961.76382
-8.320822,47,962.081959
-14.684467,55,962.435374
-15.981074,30,962.661851
-13.977489,26,962.830887
-13.926742,46,963.145459
-15.591673,30,963.339543
-14.376002,36,963.57559
-16.25062,46,963.867143
-11.310476,34,964.071903
-18.368825,45,964.361445
-16.859004,23,964.540845
-21.932491,28,964.727883
-23.211952,22,964.863398
-12.180375,21,965.021035
-17.65153,23,965.16956
-15.449754,26,965.318592
-15.804082,35,965.556626
-18.430569,19,965.682837
-9.850754,33,965.888872
-15.936389,32,966.096916
-16.678705,39,966.344949
-17.903585,29,966.513988
-11.844189,29,966.712722
-14.134619,32,966.946796
-14.896331,25,967.104835
-12.452093,24,967.24835
-16.572628,24,967.401472
-10.324726,46,967.731021
-13.519729,54,968.078726
-15.622982,21,968.21376
-11.571035,26,968.38479
-15.750686,27,968.592838
-12.741802,26,968.752443
-8.282845,30,968.951599
-10.231565,39,969.220327
-9.313888,34,969.441359
-10.936202,42,969.729923
-20.797151,19,969.848486
-13.486157,31,970.043518
-7.913459,27,970.221558
-17.581576,30,970.447627
-10.076685,24,970.632657
-13.336652,55,970.999808
-14.74794,34,971.251849
-10.92263,34,971.47989
-17.215249,28,971.674932
-13.751863,47,971.979477
-13.490225,19,972.127503
-13.062923,43,972.387058
-24.088503,26,972.573581
-18.320848,37,972.827126
-13.160368,39,973.07629
-11.380239,37,973.331499
-17.116935,24,973.507535
-15.154522,29,973.684568
-12.87616,19,973.800087
-17.978043,34,974.027245
-11.703778,40,975.898307
-7.637765,20,976.014822
-8.255019,33,976.216857
-13.121309,33,976.420899
-16.058998,36,976.644928
-19.17905,21,976.763443
-14.070527,34,976.967476
-12.080818,20,977.094503
-11.026962,23,977.268023
-15.101951,24,977.42243
-21.255763,31,977.627507
-14.594727,20,977.759025
-7.084443,42,978.023574
-12.043445,37,978.295125
-13.530734,29,978.477652
-6.154415,21,978.623685
-14.826304,22,978.776204
-7.681812,36,979.004745
-15.08236,26,979.175261
-18.697381,36,979.419807
-12.196388,39,979.656258
-16.522294,24,979.809281
-8.909952,30,980.00232
-15.384609,39,980.267361
-23.367581,20,980.4174
-13.437058,38,980.674445
-18.413549,22,980.811471
-15.614917,49,981.129031
-21.724878,24,981.286064
-25.307978,26,981.476583
-13.365105,31,981.698048
-11.031173,22,981.848286
-15.902095,19,981.974806
-15.558081,30,982.17184
-17.473383,30,982.379878
-9.634684,26,982.543905
-17.393376,23,982.685932
-13.091528,37,982.924985
-11.087791,24,983.068509
-13.404177,43,983.339055
-15.69872,21,983.494168
-13.013348,40,983.758208
-12.868297,26,983.919906
-11.362252,18,984.063436
-14.90404,33,984.279469
-19.887456,25,984.448497
-16.563802,24,984.614538
-11.533289,36,984.855577
-15.056532,25,985.006606
-13.011745,29,985.212654
-16.635177,17,985.323172
-17.043153,48,985.611719
-17.133869,18,985.727255
-23.734934,25,985.880786
-10.806906,37,986.11162
-14.500097,30,986.311653
-11.58893,30,986.514691
-11.35054,42,986.776736
-12.625469,30,986.95977
-11.042367,50,987.264333
-17.283386,27,987.435375
-16.131477,29,987.649417
-14.631286,20,987.787455
-10.323765,34,987.999497
-11.263165,40,988.265059
-18.765127,35,988.491611
-20.781568,31,988.702334
-12.423089,35,988.938016
-6.449125,39,990.599097
-12.860107,35,990.809136
-21.14848,18,990.917653
-12.333704,32,991.146699
-12.621481,22,991.283225
-13.613771,43,991.532775
-7.329716,35,991.775822
-12.784037,26,991.935858
-12.79439,42,992.224425
-13.592132,39,992.481079
-17.531861,19,992.618372
-13.73165,20,992.747895
-13.32595,38,993.005458
-10.649155,45,993.281492
-19.942108,20,993.408519
-20.285828,21,993.577049
-14.7969,19,993.69608
-10.322567,32,993.899124
-21.47642,30,994.104172
-10.112488,48,994.389719
-9.098852,33,994.596074
-18.016974,20,994.725796
-13.918699,31,994.916826
-14.954839,27,995.101866
-10.13019,37,995.350911
-13.735237,37,995.592461
-12.405035,21,995.732982
-20.843587,20,995.890029
-14.554613,36,996.122069
-15.383798,35,996.355105
-7.369572,40,996.649787
-12.419566,18,996.76179
-14.994925,45,997.05597
-14.91036,40,997.303533
-14.076109,37,997.53157
-14.056074,47,997.846133
-14.498044,26,998.014165
-13.121509,30,998.216207
-21.691323,23,998.386733
-11.423281,42,998.673274
-11.051966,29,998.88974
-15.242129,21,999.018026
-15.837149,28,999.221069
-11.585288,29,999.422116
-12.322906,48,999.744673
-9.942377,36,999.985716
-13.494242,39,1000.275858
-12.500046,29,1000.454893
-9.318231,34,1000.705444
-16.031476,29,1000.899474
-15.35989,35,1001.158257
-14.078091,32,1001.378311
-15.645363,27,1001.579346
-11.474116,22,1001.736383
-15.375306,37,1001.976434
-14.726551,30,1002.182472
-9.290656,36,1002.423031
-14.298587,33,1002.632067
-13.90576,30,1002.846111
-15.314938,25,1003.02416
-16.944499,22,1003.1702
-13.979142,27,1003.377165
-10.656081,29,1003.598722
-14.407874,30,1003.820755
-9.866982,32,1004.030793
-18.058563,20,1220.911528
-12.555657,26,1221.109563
-18.779021,23,1221.286602
-22.126252,22,1221.433123
-12.716638,30,1221.639168
-17.22981,23,1221.818211
-18.872989,28,1222.012254
-15.41485,37,1222.27182
-12.540751,24,1222.430337
-19.785623,18,1222.563366
-13.437757,34,1222.795409
-10.134815,51,1223.131451
-16.416744,22,1223.273492
-13.199878,35,1223.540541
-11.866495,46,1223.861606
-18.688138,20,1224.001128
-18.437888,20,1224.142657
-15.045605,23,1224.298697
-13.272596,24,1224.490733
-9.391637,41,1224.796314
-15.753739,31,1225.018345
-18.009063,25,1225.190435
-11.975114,48,1225.562509
-19.587804,33,1225.841547
-17.032234,19,1225.981594
-13.956456,38,1226.23863
-14.842684,35,1226.481189
-16.969528,42,1226.803747
-14.4628,25,1226.998782
-21.220544,17,1227.153316
-13.285857,32,1227.363374
-18.196513,23,1227.533891
-19.197378,20,1227.680931
-18.893862,24,1227.848456
-8.415258,38,1228.107003
-11.00231,34,1228.341113
-13.921285,33,1228.564674
-7.794582,38,1228.828725
-18.088744,31,1229.067286
-20.273593,33,1229.302326
-13.423651,36,1229.562585
-12.757737,21,1229.714114
-15.799227,27,1229.893146
-13.101192,34,1230.111183
-15.003256,33,1230.334228
-16.315724,44,1230.654796
-14.693914,19,1230.77883
-16.148955,38,1231.024871
-18.012151,24,1231.205903
-18.8072,19,1231.347513
-21.757722,19,1231.481546
-7.750193,47,1231.783537
-14.244254,43,1232.100087
-14.776997,27,1232.281125
-16.031992,20,1232.435645
-17.063529,45,1232.728203
-19.372255,25,1232.919243
-19.178347,24,1233.103278
-8.491237,34,1233.324319
-12.235238,44,1233.627485
-11.459337,27,1233.847467
-18.378224,33,1234.072016
-14.818942,28,1234.283053
-18.484323,30,1234.491098
-25.238238,20,1234.63862
-13.342799,35,1234.891166
-16.121114,31,1235.133203
-8.773267,32,1235.337234
-14.831799,55,1237.029566
-17.7173,22,1237.179598
-20.96337,31,1237.377285
-12.516766,18,1237.485795
-11.290497,45,1237.792344
-14.793534,25,1237.998245
-10.792182,28,1238.181987
-10.348278,26,1238.356509
-7.836112,48,1238.725587
-14.664511,19,1238.868622
-11.81534,36,1239.124672
-16.990758,25,1239.316444
-15.728202,18,1239.449972
-8.203832,34,1239.686526
-2.529646,33,1239.921567
-16.781405,20,1240.061091
-19.881095,32,1240.274609
-20.281882,43,1240.589175
-12.907711,32,1240.803206
-6.93643,37,1241.111772
-12.9833,28,1241.317805
-10.748562,45,1241.686882
-18.117396,54,1242.095885
-15.97381,44,1242.40695
-11.287876,34,1242.6615
-14.230166,45,1242.990568
-9.325062,29,1243.193604
-15.177305,37,1243.450659
-13.993545,45,1244.141292
-9.514224,37,1244.407857
-26.403189,37,1244.661597
-19.525731,29,1244.879155
-8.939893,34,1245.11619
-10.661732,24,1245.272228
-23.611481,20,1245.446764
-13.383955,21,1245.596797
-15.028474,31,1245.815831
-18.720148,28,1246.026881
-19.461623,21,1246.170913
-14.478541,56,1246.564477
-14.130129,21,1246.729852
-23.380766,21,1246.908238
-13.442138,36,1247.179825
-10.647903,19,1247.593431
-18.135646,25,1248.134593
-20.399791,34,1248.807071
-15.455333,32,1249.508642
-23.711194,21,1249.913723
-20.852692,25,1250.441317
-20.706132,22,1250.944588
-12.506984,31,1251.577566
-22.137746,29,1252.144155
-16.222393,21,1252.599758
-18.33686,23,1253.147486
-13.548348,32,1253.854425
-13.327991,20,1254.280013
-11.71769,41,1255.110157
-20.534216,21,1255.581658
-12.378378,36,1256.328287
-12.966237,32,1256.934422
-17.256357,39,1257.779823
-15.199458,26,1258.28941
-17.335267,24,1258.77
-13.196988,34,1259.419125
-8.951308,29,1259.999271
-21.508658,21,1260.443349
-12.600238,36,1263.798536
-13.333673,20,1264.169826
-15.219336,31,1264.805626
-10.527542,51,1265.747294
-10.224064,32,1266.408538
-10.779571,43,1267.212779
-19.953713,22,1267.645848
-22.66471,18,1268.02393
-16.633926,44,1268.93688
-10.597089,35,1269.609501
-22.490672,30,1270.223616
-16.031871,21,1270.624687
-11.246542,50,1271.645758
-13.15502,40,1272.471923
-13.660783,20,1272.881973
-12.216884,37,1273.641559
-16.353413,20,1274.013636
-15.976122,24,1274.494241
-9.919252,16,1274.860849
-13.502312,38,1275.629936
-15.720477,26,1276.110527
-8.647883,25,1276.629118
-12.150769,26,1277.157791
-23.15853,25,1277.698431
-8.414226,38,1278.54062
-11.327644,50,1278.954702
-18.708063,19,1279.10574
-16.344631,34,1279.334774
-20.14474,23,1279.495986
-18.018388,30,1279.754575
-10.353324,41,1280.035141
-11.025363,29,1280.23231
-17.332054,23,1280.37729
-26.242421,21,1280.532811
-12.693452,26,1280.696846
-15.800267,28,1280.88313
-15.423921,31,1281.084169
-10.364615,41,1281.9694
-16.915612,44,1282.845114
-14.29702,42,1283.799705
-15.70991,40,1284.664643
-13.426965,34,1285.337258
-18.637043,19,1285.714365
-12.824621,30,1286.345642
-22.689517,25,1286.831291
-9.205675,50,1287.833591
-12.125268,35,1288.536215
-20.890324,24,1289.033552
-23.531345,20,1289.419609
-15.70182,27,1290.011807
-25.209423,19,1290.466198
-15.685673,38,1291.234618
-13.391766,45,1292.119269
-8.752872,36,1292.959445
-17.818528,21,1293.423132
-13.310115,18,1293.775697
-25.183818,29,1294.347807
-14.589756,20,1294.826289
-16.026367,28,1295.453453
-8.359909,26,1296.094162
-19.105574,22,1296.51826
-14.746376,48,1297.641329
-18.308902,22,1298.108058
-22.012584,19,1298.486132
-9.044542,28,1299.071723
-8.562019,18,1299.518097
-20.151772,22,1300.036733
-16.434579,31,1300.7172
-11.816522,34,1569.33142
-11.288781,34,1569.574455
-14.64248,47,1569.932638
-14.297274,34,1570.198187
-16.142834,18,1570.323703
-17.301467,20,1570.505822
-10.976902,39,1570.801373
-19.973846,32,1571.052544
-13.899203,56,1571.479464
-29.950793,23,1571.684098
-13.482979,53,1572.133215
-12.048443,37,1572.412945
-19.62299,19,1572.590977
-13.24363,28,1572.801106
-12.451721,33,1573.047147
-18.854946,18,1573.186217
-8.834385,26,1573.396357
-13.824529,19,1573.549637
-12.69069,40,1573.861128
-11.820815,32,1574.132689
-10.898891,39,1574.429238
-9.944215,38,1574.774798
-21.047351,19,1574.915825
-10.670456,41,1575.254426
-18.463888,27,1575.446467
-12.387977,32,1575.693309
-24.512642,25,1575.9047
-19.296033,20,1576.087736
-17.249324,27,1576.286766
-21.064801,27,1576.520875
-18.855824,39,1576.826101
-21.951826,26,1577.042136
-16.497545,38,1577.355724
-19.267922,22,1577.532761
-18.373616,36,1577.817322
-12.020056,36,1578.093898
-8.249505,43,1578.460538
-12.593699,34,1578.71909
-10.52678,33,1579.012723
-26.0195,36,1579.301238
-12.091398,32,1579.569316
-21.962986,28,1579.794883
-14.631677,19,1579.947399
-18.527302,19,1580.090094
-9.982577,36,1580.372258
-12.719971,25,1580.544293
-18.049021,38,1580.810847
-11.739483,25,1581.011964
-17.618604,46,1581.377521
-14.141942,43,1581.733671
-18.798556,22,1581.905713
-9.636597,59,1582.33848
-15.40246,22,1582.517518
-31.606748,23,1582.729723
-13.811874,28,1582.962758
-15.885635,29,1583.199354
-16.77078,22,1583.381983
-17.72112,28,1583.598531
-16.109853,39,1583.914155
-16.972119,40,1584.196641
-12.968521,32,1584.445911
-15.730563,52,1584.855016
-19.503353,18,1585.024092
-12.62512,24,1585.226097
-14.063737,30,1586.825057
-15.392308,26,1587.058094
-7.660051,51,1587.43317
-13.671648,16,1587.563837
-12.261249,30,1587.78184
-11.234135,22,1587.951877
-11.5492,41,1588.275441
-14.72686,23,1588.474482
-22.286017,34,1588.77555
-14.45481,28,1588.9971
-12.549267,44,1589.383694
-13.730526,20,1589.543741
-11.861078,25,1589.746778
-15.910851,28,1589.971869
-15.92369,24,1590.147915
-17.195659,35,1590.408518
-12.145648,24,1590.633518
-20.186088,22,1590.798856
-11.559542,21,1590.956522
-12.034383,32,1591.239167
-9.21242,50,1591.595358
-11.645684,36,1591.91199
-20.768267,39,1592.239632
-10.224185,44,1592.581198
-23.300144,54,1593.011645
-13.367184,32,1593.269199
-21.640097,22,1593.450275
-12.517122,35,1593.744955
-24.505597,39,1594.095077
-13.924048,31,1594.353118
-12.985651,22,1594.538157
-17.191226,19,1594.707353
-11.078453,24,1594.909391
-10.743063,23,1595.087386
-24.642248,58,1595.584339
-7.392461,40,1595.919408
-8.879853,30,1596.17145
-19.837683,22,1596.37753
-20.648622,20,1596.567557
-18.810024,21,1596.727595
-25.167868,19,1596.876117
-22.607194,31,1597.201191
-24.535812,38,1597.500374
-19.808264,41,1597.877929
-17.037934,28,1598.103477
-10.053356,36,1598.365517
-22.17581,30,1598.621067
-8.951974,40,1598.921618
-27.674441,19,1599.070137
-8.902539,31,1599.309692
-28.825962,23,1599.483371
-10.481031,16,1599.642081
-15.26134,46,1600.027147
-19.534863,20,1600.205364
-14.730607,29,1600.437397
-15.445061,18,1600.579921
-8.935878,30,1600.825508
-17.832171,63,1601.339222
-10.349342,21,1601.491782
-12.104106,36,1601.799046
-9.308879,39,1602.155588
-15.812895,31,1602.436179
-10.290985,36,1602.745722
-5.888366,39,1603.060284
-17.696042,19,1603.219395
-11.374062,39,1603.513946
-16.208204,45,1605.642399
-15.520364,46,1605.992544
-10.127033,31,1606.227715
-16.314436,30,1606.432756
-20.449216,36,1606.693809
-19.216045,31,1606.957396
-19.065882,54,1607.398
-15.113036,42,1607.747557
-9.781296,37,1608.051736
-14.028276,41,1608.374427
-13.048966,34,1608.645027
-13.944277,30,1608.87006
-10.333151,38,1609.199031
-14.32986,19,1609.344552
-13.477914,35,1609.613097
-18.263955,43,1609.977656
-18.794178,20,1610.13805
-28.064501,32,1610.396862
-9.92554,18,1610.532382
-16.152374,18,1610.673902
-7.566035,40,1611.010979
-14.284664,53,1611.438096
-15.757971,35,1611.733727
-9.126875,40,1612.072274
-23.650255,19,1612.235309
-17.049048,31,1612.477201
-9.058629,39,1612.791768
-13.102842,51,1613.177843
-12.075566,55,1613.615443
-19.294132,39,1613.978055
-23.002915,38,1614.302132
-17.714213,54,1614.732383
-15.80765,17,1614.88391
-20.980192,25,1615.124541
-13.218325,36,1615.406706
-19.351987,30,1615.652816
-15.292256,49,1616.025885
-21.989898,21,1616.208925
-8.603981,49,1616.625826
-13.901888,43,1616.938339
-14.056542,18,1617.077851
-21.845012,20,1617.231882
-14.968156,18,1617.375447
-11.734355,25,1617.60703
-13.182056,18,1617.746584
-19.480268,21,1617.898075
-15.665283,32,1618.204968
-9.456331,22,1618.380487
-14.874435,51,1618.833855
-16.360816,35,1619.090923
-19.742612,26,1619.288037
-12.991154,21,1619.439062
-16.953957,36,1619.738649
-25.128047,24,1619.956425
-15.92571,20,1620.106465
-14.069339,29,1620.318503
-14.758645,30,1620.597558
-14.031088,47,1620.961435
-20.888562,38,1621.26512
-13.211808,31,1621.517719
-10.959198,27,1621.789754
