TripID_out,DayID,IndividualID,Age_Group,Gender,Segment,TravDay,TripPurpFrom_B01ID_out,TripPurpTo_B01ID_out,TripStart_out,TripEnd_out,TripDisExSW_out,TripTravTime_out,Average_Speed_mph_out,TripStart_return,TripEnd_return,TripDisExSW_return,TripTravTime_return,Average_Speed_mph_return
2023063524,2023033161,2023005560,50-59,Male,Male 50-59,2,23,1,450,480,22,20,66,1065,1095,22,30,44
2023183434,2023093811,2023015778,40-49,Female,Female 40-49,4,23,1,415,465,21,50,25.2,1040,1110,21,70,18
2023054518,2023028634,2023004771,50-59,Male,Male 50-59,4,23,1,210,245,10,35,17.1,894,940,10,35,17.1
2023169266,2023086437,2023014522,60+,Female,Female 60+,1,23,1,550,600,30,50,36,900,950,30,50,36
2023021792,2023011265,2023001869,50-59,Female,Female 50-59,2,23,1,440,475,18,35,30.9,960,1005,18,45,24
2023046990,2023024938,2023004138,50-59,Male,Male 50-59,4,23,1,460,495,16,35,27.4,1095,1125,16,30,32
2023016847,2023008803,2023001438,50-59,Male,Male 50-59,4,23,1,313,351,17,38,26.8,913,992,18,79,13.7
2023014154,2023007394,2023001204,50-59,Female,Female 50-59,2,23,1,440,467,11,27,24.4,1059,1088,11,29,22.8
2023142305,2023073197,2023012293,40-49,Female,Female 40-49,5,23,1,510,540,14.5,30,29,855,900,14.5,30,29
2023187200,2023095918,2023016124,50-59,Male,Male 50-59,4,23,1,440,480,32,40,48,1033,1077,32,44,43.6
2023164469,2023083991,2023014137,21-29,Female,Female 21-29,5,23,1,420,480,24,60,24,1050,1095,24,45,32
2023055668,2023029206,2023004868,21-29,Male,Male 21-29,2,23,1,540,590,14,50,16.8,1110,1160,14,50,16.8
2023082578,2023042799,2023007148,50-59,Male,Male 50-59,1,23,1,300,335,11.5,35,19.7,710,730,11.5,20,34.5
2023140671,2023072244,2023012103,40-49,Female,Female 40-49,4,23,1,430,450,15,20,45,930,950,15,20,45
2023137033,2023070354,2023011789,50-59,Male,Male 50-59,4,23,1,420,450,15,30,30,1020,1050,15,30,30
2023118595,2023061625,2023010327,50-59,Male,Male 50-59,4,23,1,380,420,27,40,40.5,930,970,27,40,40.5
2023127166,2023065615,2023010978,60+,Male,Male 60+,4,23,1,475,495,16,20,48,895,928,16,33,29.1
2023057351,2023030053,2023005020,30-39,Female,Female 30-39,2,23,1,480,510,11,30,22,960,1000,11,30,22
2023185320,2023094910,2023015956,40-49,Male,Male 40-49,4,23,1,570,630,15,60,15,710,770,15,60,15
2023126730,2023065395,2023010942,50-59,Male,Male 50-59,1,23,1,420,450,10,30,20,1020,1065,10,45,13.3
2023132547,2023068024,2023011383,60+,Male,Male 60+,5,23,1,310,340,12,30,24,820,845,12,25,28.8
2023034831,2023018188,2023002986,60+,Male,Male 60+,2,23,1,465,510,15,45,20,1050,1110,15,60,15
2023196435,2023100718,2023016932,30-39,Male,Male 30-39,2,23,1,512,551,13,39,20,1038,1092,17,54,18.9
2023081122,2023042032,2023007015,50-59,Male,Male 50-59,4,23,1,450,510,23,60,23,1020,1080,23,60,23
2023000779,2023000505,2023000087,40-49,Female,Female 40-49,1,23,1,420,465,14,45,18.7,1035,1080,14,45,18.7
2023004503,2023002335,2023000377,60+,Male,Male 60+,4,23,1,420,445,18,25,43.2,960,990,18,30,36
2023132538,2023068020,2023011383,60+,Male,Male 60+,1,23,1,320,345,12,25,28.8,840,865,12,25,28.8
2023082605,2023042809,2023007149,21-29,Male,Male 21-29,4,23,1,430,470,24,40,36,990,1035,24,45,32
2023040682,2023021876,2023003579,50-59,Female,Female 50-59,1,23,1,450,510,49,60,49,930,990,49,60,49
2023136052,2023069869,2023011713,40-49,Male,Male 40-49,2,23,1,439,480,33,41,48.3,1020,1061,33,41,48.3
2023013108,2023006912,2023001128,60+,Male,Male 60+,3,23,1,45,75,10,30,20,600,630,10,30,20
2023083958,2023043531,2023007271,40-49,Male,Male 40-49,5,23,1,391,455,43,64,40.3,970,1034,43,64,40.3
2023199521,2023102100,2023017151,50-59,Male,Male 50-59,5,23,1,540,570,15,25,36,960,990,20,30,40
2023026320,2023013827,2023002296,21-29,Male,Male 21-29,2,23,1,360,420,52,60,52,960,1030,52,70,44.6
2023142279,2023073186,2023012292,21-29,Female,Female 21-29,1,23,1,360,378,10,18,33.3,885,905,10,20,30
2023021658,2023011201,2023001860,40-49,Male,Male 40-49,1,23,1,370,410,12,40,18,1170,1210,12,40,18
2023027960,2023014656,2023002416,50-59,Male,Male 50-59,5,23,1,375,395,11.2,20,33.6,945,965,11.2,20,33.6
2023050038,2023026443,2023004387,40-49,Female,Female 40-49,4,23,1,465,510,14,45,18.7,700,735,14,35,24
2023195922,2023100419,2023016880,21-29,Male,Male 21-29,4,23,1,360,390,20,30,40,780,820,20,40,30
2023151087,2023077369,2023013026,40-49,Female,Female 40-49,5,23,1,630,650,10,20,30,1095,1115,10,20,30
2023102332,2023053644,2023008970,50-59,Male,Male 50-59,3,23,1,395,419,11,24,27.5,945,978,11,23,28.7
2023102729,2023053873,2023009012,40-49,Female,Female 40-49,1,23,1,475,525,12,50,14.4,1060,1095,12,25,28.8
2023088541,2023046163,2023007703,60+,Male,Male 60+,5,23,1,270,310,27,40,40.5,870,915,27,45,36
2023121008,2023062742,2023010508,21-29,Male,Male 21-29,1,23,1,330,380,35,50,42,960,1050,35,90,23.3
2023020417,2023010630,2023001765,30-39,Female,Female 30-39,4,23,1,630,650,12,20,36,690,720,12,30,24
2023142295,2023073193,2023012293,40-49,Female,Female 40-49,1,23,1,510,540,14.5,30,29,855,900,14.5,45,19.3
2023135466,2023069616,2023011672,17-20,Female,Female 17-20,1,23,1,360,390,10,30,20,900,930,10,30,20
2023079461,2023041091,2023006874,21-29,Female,Female 21-29,1,23,1,485,520,22,35,37.7,1030,1075,22,45,29.3
2023102337,2023053646,2023008970,50-59,Male,Male 50-59,5,23,1,395,420,11,25,26.4,780,810,11,30,22
2023016652,2023008696,2023001421,30-39,Female,Female 30-39,2,23,1,480,590,10,110,5.5,720,760,10,40,15
2023153458,2023078514,2023013205,40-49,Female,Female 40-49,2,23,1,450,495,25.5,45,34,990,1035,25.5,45,34
2023133933,2023068771,2023011536,21-29,Male,Male 21-29,3,23,1,335,360,11,25,26.4,900,930,11,30,22
2023078962,2023040842,2023006827,50-59,Female,Female 50-59,4,23,1,409,435,16,26,36.9,1000,1033,16,33,29.1
2023158574,2023081125,2023013637,50-59,Male,Male 50-59,2,23,1,470,515,11.5,45,15.3,1075,1113,11.5,38,18.2
2023183148,2023093518,2023015736,21-29,Male,Male 21-29,5,23,1,540,575,17,35,29.1,1140,1175,17,30,34
2023200259,2023102566,2023017222,40-49,Female,Female 40-49,2,23,1,480,570,48,90,32,810,885,48,75,38.4
2023113386,2023059223,2023009923,60+,Female,Female 60+,3,23,1,435,480,11,45,14.7,660,690,11,30,22
2023191903,2023098284,2023016516,21-29,Female,Female 21-29,4,23,1,360,385,11,25,26.4,840,865,11,25,26.4
2023190140,2023097365,2023016351,21-29,Male,Male 21-29,2,23,1,425,449,12,24,30,1055,1085,12,30,24
2023006575,2023003664,2023000596,40-49,Female,Female 40-49,3,23,1,450,480,14,30,28,940,971,14,31,27.1
2023041939,2023022523,2023003705,60+,Male,Male 60+,4,23,1,255,300,27,45,36,690,735,27,45,36
2023096295,2023050650,2023008465,30-39,Male,Male 30-39,5,23,1,420,495,45,75,36,1080,1170,45,90,30
2023136054,2023069872,2023011713,40-49,Male,Male 40-49,5,23,1,439,480,33,41,48.3,1020,1061,33,41,48.3
2023031183,2023016270,2023002673,60+,Male,Male 60+,2,23,1,385,428,41.9,43,58.5,935,1004,41.2,69,35.8
2023042654,2023022776,2023003749,40-49,Female,Female 40-49,5,23,1,790,825,30,35,51.4,1270,1305,30,35,51.4
2023001770,2023001012,2023000169,30-39,Female,Female 30-39,4,23,1,415,465,35,50,42,980,1035,35,55,38.2
2023191294,2023098011,2023016466,50-59,Male,Male 50-59,4,23,1,461,521,27,60,27,1106,1171,27,55,29.5
2023039380,2023021036,2023003435,30-39,Female,Female 30-39,1,23,1,481,517,11,36,18.3,875,904,11,29,22.8
2023155900,2023079805,2023013416,30-39,Male,Male 30-39,5,23,1,490,520,16,30,32,1021,1050,16,29,33.1
2023080948,2023041879,2023006993,50-59,Male,Male 50-59,5,23,1,420,465,17,45,22.7,990,1020,17,30,34
2023174636,2023088908,2023014944,40-49,Male,Male 40-49,1,23,1,310,330,13,20,39,1020,1055,13,35,22.3
2023030085,2023015717,2023002594,40-49,Male,Male 40-49,2,23,1,490,530,14,40,21,930,960,14,30,28
2023127197,2023065626,2023010980,30-39,Male,Male 30-39,1,23,1,390,420,16,26,36.9,1050,1080,16,26,36.9
2023003338,2023001800,2023000295,40-49,Male,Male 40-49,1,23,1,480,525,35,45,46.7,1020,1080,35,60,35
2023007601,2023004161,2023000682,40-49,Male,Male 40-49,3,23,1,360,465,49,105,28,1035,1150,51,115,26.6
2023102591,2023053789,2023009000,40-49,Male,Male 40-49,1,23,1,420,450,13,30,26,930,960,13,30,26
2023184296,2023094364,2023015864,30-39,Male,Male 30-39,4,23,1,780,810,18,30,36,1020,1050,18,30,36
2023170002,2023086818,2023014584,40-49,Female,Female 40-49,4,23,1,418,436,10,18,33.3,990,1013,10,23,26.1
2023104142,2023054456,2023009115,60+,Male,Male 60+,3,23,1,370,415,27,45,36,990,1040,27,50,32.4
2023103417,2023054142,2023009054,60+,Male,Male 60+,4,23,1,410,430,10,20,30,1020,1040,10,20,30
2023041496,2023022333,2023003671,60+,Female,Female 60+,3,23,1,220,240,11,20,33,460,480,11,20,33
2023118801,2023061703,2023010344,40-49,Female,Female 40-49,5,23,1,470,505,20,35,34.3,805,840,20,35,34.3
2023133432,2023068520,2023011466,60+,Male,Male 60+,4,23,1,300,330,11,30,22,870,900,11,30,22
2023136030,2023069856,2023011711,21-29,Male,Male 21-29,3,23,1,480,510,11,30,22,1020,1050,11,30,22
2023077302,2023040190,2023006728,40-49,Male,Male 40-49,3,23,1,383,414,17,31,32.9,900,927,17,27,37.8
2023183547,2023093881,2023015788,40-49,Female,Female 40-49,4,23,1,430,480,26,50,31.2,1020,1075,26,55,28.4
2023110907,2023057900,2023009711,21-29,Male,Male 21-29,3,23,1,618,649,15,28,32.1,1186,1214,15,28,32.1
2023065530,2023034413,2023005771,50-59,Male,Male 50-59,1,23,1,360,375,10,15,40,435,450,10,15,40
2023014454,2023007564,2023001234,40-49,Male,Male 40-49,4,23,1,295,320,10,25,24,870,905,10,35,17.1
2023196429,2023100717,2023016932,30-39,Male,Male 30-39,1,23,1,485,572,19,87,13.1,1047,1102,18,55,19.6
2023098721,2023051955,2023008677,50-59,Male,Male 50-59,1,23,1,420,490,70,70,60,1080,1140,73,60,73
2023034829,2023018187,2023002986,60+,Male,Male 60+,1,23,1,465,510,15,45,20,1050,1110,15,60,15
2023004107,2023002186,2023000353,50-59,Male,Male 50-59,2,23,1,405,450,32,45,42.7,930,975,32,45,42.7
2023100363,2023052712,2023008809,40-49,Male,Male 40-49,2,23,1,475,515,19,40,28.5,1035,1080,25,45,33.3
2023158058,2023080902,2023013605,50-59,Male,Male 50-59,3,23,1,300,330,19,30,38,600,630,19,30,38
2023118921,2023061748,2023010353,40-49,Male,Male 40-49,1,23,1,405,435,16,30,32,960,990,16,30,32
2023067624,2023035452,2023005941,40-49,Female,Female 40-49,4,23,1,470,500,11,30,22,960,990,11,30,22
2023056972,2023029858,2023004991,40-49,Female,Female 40-49,3,23,1,455,475,12,20,36,1005,1025,12,20,36
2023167804,2023085704,2023014407,50-59,Male,Male 50-59,3,23,1,420,480,22,60,22,1020,1080,22,60,22
2023003699,2023002010,2023000325,21-29,Female,Female 21-29,1,23,1,480,510,11,30,22,960,1020,11,60,11
2023173930,2023088629,2023014904,30-39,Male,Male 30-39,2,23,1,330,360,13,30,26,720,750,13,30,26
2023161467,2023082469,2023013885,50-59,Male,Male 50-59,2,23,1,385,420,13,35,22.3,975,1035,13,60,13
2023003705,2023002013,2023000325,21-29,Female,Female 21-29,4,23,1,420,460,11,40,16.5,1080,1130,11,50,13.2
2023030093,2023015719,2023002594,40-49,Male,Male 40-49,4,23,1,490,525,14,35,24,930,960,14,30,28
2023152997,2023078247,2023013164,40-49,Male,Male 40-49,1,23,1,300,335,26,35,44.6,840,885,26,45,34.7
2023088768,2023046300,2023007724,40-49,Female,Female 40-49,2,23,1,476,502,17,26,39.2,1043,1068,18,25,43.2
2023132701,2023068104,2023011399,40-49,Male,Male 40-49,1,23,1,750,795,22,40,33,1350,1390,22,40,33
2023006898,2023003855,2023000636,30-39,Male,Male 30-39,5,23,1,430,475,30,45,40,1020,1070,30,50,36
2023134000,2023068804,2023011541,40-49,Male,Male 40-49,1,23,1,375,415,13,40,19.5,960,1000,13,40,19.5
2023024284,2023012647,2023002098,50-59,Female,Female 50-59,5,23,1,485,515,13,30,26,1005,1040,13,35,22.3
2023188213,2023096384,2023016198,50-59,Female,Female 50-59,1,23,1,440,500,10,60,10,1035,1100,10,65,9.2
2023064646,2023033785,2023005667,50-59,Male,Male 50-59,3,23,1,390,450,10,60,10,1050,1110,10,60,10
2023189937,2023097296,2023016341,40-49,Male,Male 40-49,3,23,1,540,615,51,75,40.8,930,1010,54,80,40.5
2023013875,2023007262,2023001185,30-39,Female,Female 30-39,3,23,1,461,504,19.01,43,26.5,1072,1117,16.55,44,22.6
2023016615,2023008674,2023001416,60+,Male,Male 60+,1,23,1,390,410,13,20,39,960,985,16,25,38.4
2023189512,2023097087,2023016311,30-39,Male,Male 30-39,4,23,1,480,510,17,30,34,965,1000,17,35,29.1
2023200249,2023102562,2023017221,30-39,Male,Male 30-39,5,23,1,420,470,31,50,37.2,1010,1060,31,50,37.2
2023174838,2023088996,2023014956,30-39,Male,Male 30-39,5,23,1,390,412,11,22,30,1380,1400,11,20,33
2023064548,2023033694,2023005651,50-59,Female,Female 50-59,3,23,1,1018,1036,12,18,40,1176,1194,11,18,36.7
2023050109,2023026469,2023004391,30-39,Female,Female 30-39,2,23,1,740,767,12,27,26.7,1380,1411,12,31,23.2
2023059313,2023031091,2023005181,30-39,Male,Male 30-39,4,23,1,360,445,60,85,42.4,960,1045,60,85,42.4
2023151938,2023077752,2023013090,21-29,Male,Male 21-29,3,23,1,210,240,30,30,60,1050,1090,30,40,45
2023078850,2023040794,2023006817,40-49,Male,Male 40-49,5,23,1,255,285,10,30,20,840,885,10,45,13.3
2023085997,2023044755,2023007467,60+,Female,Female 60+,4,23,1,360,390,22,30,44,1170,1200,22,30,44
2023036850,2023019450,2023003177,30-39,Male,Male 30-39,4,23,1,456,488,19,26,43.8,1098,1124,19,26,43.8
2023000526,2023000298,2023000043,30-39,Male,Male 30-39,4,23,1,450,495,30,45,40,960,1020,30,60,30
2023047470,2023025148,2023004169,50-59,Male,Male 50-59,4,23,1,375,420,26,45,34.7,900,940,26,40,39
2023190142,2023097366,2023016351,21-29,Male,Male 21-29,3,23,1,425,447,12,22,32.7,1055,1081,12,26,27.7
2023131346,2023067520,2023011309,50-59,Female,Female 50-59,5,23,1,375,420,22,45,29.3,1080,1140,22,60,22
2023028190,2023014838,2023002450,40-49,Male,Male 40-49,5,23,1,480,525,10,45,13.3,1035,1080,10,45,13.3
2023096722,2023050851,2023008494,30-39,Female,Female 30-39,3,23,1,485,525,18,40,27,735,775,18,40,27
2023080491,2023041640,2023006953,50-59,Female,Female 50-59,4,23,1,435,480,11,45,14.7,990,1035,11,45,14.7
2023137702,2023070729,2023011845,60+,Male,Male 60+,1,23,1,430,475,22,45,29.3,1050,1090,22,40,33
2023080962,2023041889,2023006995,30-39,Male,Male 30-39,1,23,1,450,470,15,20,45,970,990,15,20,45
2023021794,2023011266,2023001869,50-59,Female,Female 50-59,3,23,1,440,475,18,35,30.9,960,1005,18,45,24
2023140669,2023072243,2023012103,40-49,Female,Female 40-49,3,23,1,415,435,15,20,45,955,980,15,25,36
2023161084,2023082316,2023013848,21-29,Male,Male 21-29,3,23,1,355,410,36,55,39.3,1175,1230,36,55,39.3
2023050105,2023026468,2023004391,30-39,Female,Female 30-39,1,23,1,735,765,12,30,24,1382,1408,12,26,27.7
2023132093,2023067814,2023011353,21-29,Female,Female 21-29,5,23,1,510,540,13,30,26,960,990,13,30,26
2023189508,2023097085,2023016311,30-39,Male,Male 30-39,2,23,1,480,510,17,30,34,960,1000,17,40,25.5
2023055705,2023029221,2023004870,40-49,Female,Female 40-49,3,23,1,470,525,20,55,21.8,1080,1115,20,35,34.3
2023079478,2023041098,2023006875,21-29,Male,Male 21-29,1,23,1,460,510,30,50,36,1080,1135,30,55,32.7
2023057257,2023029971,2023005007,60+,Male,Male 60+,4,23,1,600,630,13,30,26,1080,1110,13,30,26
2023104321,2023054526,2023009125,40-49,Female,Female 40-49,3,23,1,510,580,52.1,70,44.7,1050,1110,52.1,60,52.1
2023172644,2023088072,2023014811,30-39,Male,Male 30-39,5,23,1,375,420,26,45,34.7,990,1045,26,55,28.4
2023006888,2023003852,2023000636,30-39,Male,Male 30-39,2,23,1,430,475,30,45,40,1020,1075,30,50,36
2023071078,2023037258,2023006239,30-39,Female,Female 30-39,4,23,1,445,480,15,35,25.7,1035,1070,15,35,25.7
2023081893,2023042404,2023007078,30-39,Male,Male 30-39,5,23,1,510,555,27,45,36,1050,1090,27,40,40.5
2023062708,2023032882,2023005511,30-39,Male,Male 30-39,3,23,1,474,499,13,23,33.9,933,957,15,24,37.5
2023040697,2023021884,2023003580,50-59,Male,Male 50-59,2,23,1,465,490,13,25,31.2,1070,1100,13,30,26
2023157766,2023080750,2023013579,21-29,Female,Female 21-29,5,23,1,450,475,17,25,40.8,1020,1050,17,30,34
2023126285,2023065161,2023010903,50-59,Female,Female 50-59,5,23,1,456,490,11,34,19.4,1101,1133,11,32,20.6
2023013406,2023007047,2023001147,30-39,Female,Female 30-39,5,23,1,435,460,10,25,24,1020,1045,10,25,24
2023195011,2023099858,2023016787,21-29,Female,Female 21-29,3,23,1,480,510,28,30,56,1020,1050,28,30,56
2023008308,2023004580,2023000753,60+,Male,Male 60+,2,23,1,420,480,30,60,30,900,960,30,60,30
2023161465,2023082468,2023013885,50-59,Male,Male 50-59,1,23,1,435,475,13,40,19.5,895,944,13,49,15.9
2023003703,2023002012,2023000325,21-29,Female,Female 21-29,3,23,1,450,495,11,45,14.7,1080,1125,11,45,14.7
2023017014,2023008892,2023001451,30-39,Male,Male 30-39,2,23,1,405,460,40,55,43.6,995,1070,40,70,34.3
2023012393,2023006548,2023001061,50-59,Male,Male 50-59,3,23,1,500,525,10,25,24,1025,1050,10,25,24
2023056968,2023029856,2023004991,40-49,Female,Female 40-49,1,23,1,450,467,12,17,42.4,1020,1040,12,20,36
2023000547,2023000339,2023000051,50-59,Female,Female 50-59,3,23,1,405,450,26,45,34.7,990,1050,26,60,26
2023178538,2023090924,2023015304,40-49,Male,Male 40-49,1,23,1,560,620,11,60,11,960,1020,11,60,11
2023027955,2023014654,2023002416,50-59,Male,Male 50-59,3,23,1,375,395,11.2,20,33.6,945,965,11.2,20,33.6
2023135844,2023069788,2023011701,30-39,Female,Female 30-39,5,23,1,570,630,38,60,38,1080,1140,38,60,38
2023187957,2023096233,2023016175,50-59,Male,Male 50-59,4,23,1,450,475,10,25,24,990,1020,10,30,20
2023035741,2023018875,2023003092,60+,Male,Male 60+,3,23,1,390,420,18,30,36,1020,1050,18,30,36
2023156621,2023080172,2023013480,30-39,Female,Female 30-39,1,23,1,510,540,20.3,30,40.6,1020,1050,20.3,30,40.6
2023010608,2023005659,2023000932,21-29,Female,Female 21-29,3,23,1,410,470,38,48,47.5,960,1005,38,45,50.7
2023090884,2023047371,2023007928,60+,Male,Male 60+,2,23,1,525,570,26,45,34.7,1095,1170,27.2,50,32.6
2023132613,2023068063,2023011393,50-59,Female,Female 50-59,2,23,1,735,758,12,23,31.3,770,795,12,23,31.3
2023009313,2023005062,2023000837,30-39,Female,Female 30-39,1,23,1,420,445,10,25,24,1035,1060,10,25,24
2023188748,2023096673,2023016245,60+,Female,Female 60+,3,23,1,420,450,14,28,30,1020,1050,14,28,30
2023190910,2023097821,2023016422,60+,Male,Male 60+,3,23,1,300,375,62,75,49.6,1080,1185,62,85,43.8
2023024282,2023012646,2023002098,50-59,Female,Female 50-59,4,23,1,470,510,13,40,19.5,1010,1040,13,30,26
2023121377,2023062935,2023010535,50-59,Female,Female 50-59,5,23,1,435,460,14,25,33.6,990,1010,14,20,42
2023161785,2023082588,2023013906,21-29,Male,Male 21-29,2,23,1,455,479,17.2,24,43,1269,1290,16.5,21,47.1
2023165511,2023084603,2023014228,50-59,Male,Male 50-59,1,23,1,900,975,15,75,12,1410,45,15,75,12
2023152449,2023077981,2023013125,21-29,Male,Male 21-29,1,23,1,465,525,11,60,11,1065,1105,11,40,16.5
2023198149,2023101525,2023017068,50-59,Female,Female 50-59,4,23,1,420,450,26,30,52,900,960,26,60,26
2023060604,2023031819,2023005314,50-59,Male,Male 50-59,4,23,1,440,475,14,35,24,1080,1105,14,25,33.6
2023005065,2023002690,2023000439,50-59,Male,Male 50-59,2,23,1,360,420,46,60,46,990,1080,46,65,42.5
2023121837,2023063164,2023010570,21-29,Male,Male 21-29,3,23,1,442,501,27,59,27.5,940,996,26,56,27.9
2023102324,2023053642,2023008970,50-59,Male,Male 50-59,1,23,1,395,416,11,21,31.4,945,976,11,31,21.3
2023116874,2023060756,2023010187,30-39,Male,Male 30-39,3,23,1,390,480,50,90,33.3,990,1080,50,90,33.3
2023031669,2023016563,2023002716,60+,Male,Male 60+,1,23,1,400,430,13,30,26,1020,1065,13,45,17.3
2023120929,2023062694,2023010501,50-59,Female,Female 50-59,2,23,1,490,550,16,60,16,1050,1110,16,60,16
2023110729,2023057822,2023009699,50-59,Male,Male 50-59,2,23,1,390,420,12.5,30,25,720,750,12.5,30,25
2023120233,2023062343,2023010440,40-49,Female,Female 40-49,1,23,1,465,530,11,50,13.2,1050,1110,11,60,11
2023183138,2023093514,2023015736,21-29,Male,Male 21-29,1,23,1,540,575,17,35,29.1,1140,1175,17,30,34
2023016083,2023008381,2023001374,21-29,Male,Male 21-29,2,23,1,450,495,20,45,26.7,990,1030,20,40,30
2023054010,2023028359,2023004724,60+,Male,Male 60+,2,23,1,360,405,11,45,14.7,570,600,11,30,22
2023090435,2023047139,2023007891,50-59,Male,Male 50-59,1,23,1,360,380,10,20,30,850,875,10,25,24
2023183754,2023093951,2023015798,50-59,Male,Male 50-59,4,23,1,780,805,10.2,25,24.5,1330,1360,12.5,30,25
2023171220,2023087468,2023014704,30-39,Male,Male 30-39,3,23,1,510,540,21,30,42,1020,1050,21,30,42
2023082830,2023042921,2023007168,50-59,Female,Female 50-59,4,23,1,420,460,15,40,22.5,1035,1075,15,40,22.5
2023025550,2023013406,2023002219,30-39,Male,Male 30-39,1,23,1,480,510,12,30,24,1020,1045,12,25,28.8
2023181454,2023092618,2023015585,60+,Female,Female 60+,1,23,1,405,455,10,50,12,1050,1110,10,60,10
2023000307,2023000218,2023000032,40-49,Female,Female 40-49,1,23,1,459,489,14,30,28,1045,1075,14,30,28
2023164438,2023083977,2023014135,60+,Female,Female 60+,5,23,1,420,460,12,40,18,1050,1080,12,30,24
2023159897,2023081777,2023013751,50-59,Male,Male 50-59,3,23,1,360,435,50,75,40,1110,1185,50,75,40
2023133428,2023068518,2023011466,60+,Male,Male 60+,2,23,1,300,330,11,30,22,870,900,11,30,22
2023064213,2023033504,2023005624,40-49,Female,Female 40-49,2,23,1,401,426,12.9,25,31,1002,1036,12.9,34,22.8
2023187002,2023095813,2023016106,30-39,Male,Male 30-39,4,23,1,540,570,20,30,40,1110,1140,20,30,40
2023121241,2023062856,2023010524,17-20,Male,Male 17-20,3,23,1,500,534,18.3,34,32.3,1020,1050,18.3,30,36.6
2023184264,2023094337,2023015860,17-20,Male,Male 17-20,5,23,1,360,390,20,30,40,1050,1080,20,30,40
2023055672,2023029208,2023004868,21-29,Male,Male 21-29,4,23,1,540,590,14,50,16.8,1110,1160,14,50,16.8
2023096291,2023050647,2023008465,30-39,Male,Male 30-39,2,23,1,420,495,45,75,36,1080,1155,45,75,36
2023183430,2023093809,2023015778,40-49,Female,Female 40-49,2,23,1,410,470,21,60,21,1050,1110,21,60,21
2023140312,2023072003,2023012069,60+,Male,Male 60+,1,23,1,360,400,17,40,25.5,900,940,17,40,25.5
2023118589,2023061622,2023010327,50-59,Male,Male 50-59,1,23,1,380,420,27,40,40.5,930,970,27,40,40.5
2023044853,2023023825,2023003958,30-39,Male,Male 30-39,4,23,1,500,545,11,45,14.7,1110,1145,11,35,18.9
2023086692,2023045144,2023007531,50-59,Female,Female 50-59,1,23,1,450,478,18,28,38.6,960,990,18,30,36
2023188271,2023096400,2023016200,40-49,Male,Male 40-49,3,23,1,465,555,30,90,20,1050,1140,30,90,20
2023109145,2023057095,2023009574,40-49,Male,Male 40-49,3,23,1,450,525,26,45,34.7,990,1050,26,60,26
2023199354,2023102035,2023017142,30-39,Male,Male 30-39,3,23,1,420,560,70,140,30,990,1110,70,120,35
2023017319,2023009052,2023001475,40-49,Male,Male 40-49,1,23,1,420,480,40,60,40,900,975,40,75,32
2023003693,2023002006,2023000324,50-59,Male,Male 50-59,4,23,1,210,240,17,30,34,900,975,17,75,13.6
2023158906,2023081278,2023013659,30-39,Male,Male 30-39,1,23,1,420,450,17,30,34,960,1005,17,45,22.7
2023080888,2023041849,2023006989,40-49,Male,Male 40-49,3,23,1,330,360,15,30,30,870,900,15,30,30
2023017166,2023008957,2023001461,30-39,Male,Male 30-39,4,23,1,330,360,13,30,26,1080,1120,13,40,19.5
2023038481,2023020582,2023003368,50-59,Male,Male 50-59,2,23,1,360,400,13,40,19.5,1080,1120,13,40,19.5
2023153622,2023078570,2023013213,30-39,Male,Male 30-39,2,23,1,510,540,20,30,40,725,760,20,35,34.3
2023023384,2023012133,2023002009,30-39,Female,Female 30-39,2,23,1,420,480,40,60,40,1080,1140,40,60,40
2023166904,2023085213,2023014321,21-29,Male,Male 21-29,2,23,1,398,500,75,102,44.1,980,1080,75,100,45
2023035262,2023018433,2023003021,50-59,Female,Female 50-59,2,23,1,390,450,30,60,30,1080,1140,30,60,30
2023189576,2023097106,2023016314,50-59,Male,Male 50-59,2,23,1,390,420,20,30,40,930,975,20,45,26.7
2023080968,2023041893,2023006995,30-39,Male,Male 30-39,5,23,1,450,470,15,20,45,970,990,15,20,45
2023137029,2023070352,2023011789,50-59,Male,Male 50-59,2,23,1,420,450,15,30,30,1020,1050,15,30,30
2023092620,2023048451,2023008108,40-49,Male,Male 40-49,4,23,1,480,505,10.5,25,25.2,990,1015,10.5,25,25.2
2023030261,2023015802,2023002606,40-49,Female,Female 40-49,3,23,1,450,500,32,50,38.4,1003,1055,32,52,36.9
2023127247,2023065650,2023010983,50-59,Female,Female 50-59,4,23,1,465,485,10.1,20,30.3,1080,1105,10.1,25,24.2
2023006014,2023003329,2023000541,40-49,Female,Female 40-49,4,23,1,460,472,10,12,50,905,920,10,15,40
2023121225,2023062851,2023010523,50-59,Male,Male 50-59,5,23,1,420,465,29,45,38.7,1020,1065,29,45,38.7
2023164999,2023084292,2023014182,21-29,Female,Female 21-29,5,23,1,420,460,12,40,18,1020,1080,12,60,12
2023067903,2023035593,2023005961,50-59,Male,Male 50-59,5,23,1,385,410,12,25,28.8,1005,1025,12,20,36
2023057563,2023030174,2023005037,40-49,Male,Male 40-49,4,23,1,420,460,23,40,34.5,1020,1070,23,50,27.6
2023081162,2023042068,2023007020,40-49,Male,Male 40-49,5,23,1,480,530,25,50,30,1020,1080,25,60,25
2023101416,2023053243,2023008905,60+,Female,Female 60+,1,23,1,375,410,14,35,24,870,910,14,40,21
2023019546,2023010237,2023001693,60+,Female,Female 60+,3,23,1,405,500,34,95,21.5,875,940,43,65,39.7
2023095592,2023050146,2023008391,21-29,Male,Male 21-29,5,23,1,300,320,10,20,30,840,860,10,20,30
2023170026,2023086826,2023014585,50-59,Male,Male 50-59,5,23,1,423,447,10,24,25,960,981,10,21,28.6
2023037205,2023019765,2023003225,21-29,Male,Male 21-29,4,23,1,435,465,19,30,38,990,1015,19,25,45.6
2023170024,2023086825,2023014585,50-59,Male,Male 50-59,4,23,1,482,506,10,24,25,1020,1052,10,32,18.8
2023164989,2023084289,2023014182,21-29,Female,Female 21-29,2,23,1,410,450,12,40,18,1020,1060,12,40,18
2023126738,2023065399,2023010942,50-59,Male,Male 50-59,5,23,1,480,510,12,30,24,780,810,12,30,24
2023146507,2023075360,2023012661,50-59,Female,Female 50-59,5,23,1,410,460,23,50,27.6,975,1018,23,43,32.1
2023157636,2023080672,2023013568,40-49,Female,Female 40-49,4,23,1,420,465,15,45,20,990,1035,15,45,20
2023047760,2023025292,2023004199,30-39,Female,Female 30-39,1,23,1,360,420,25,55,27.3,1015,1070,25,45,33.3
2023102761,2023053883,2023009013,40-49,Male,Male 40-49,4,23,1,377,417,23,40,34.5,1013,1065,24,52,27.7
2023001444,2023000870,2023000145,21-29,Male,Male 21-29,2,23,1,510,570,27,60,27,1050,1110,27,60,27
2023084628,2023043888,2023007332,60+,Male,Male 60+,5,23,1,305,350,26,45,34.7,855,895,24,40,36
2023080247,2023041533,2023006937,40-49,Male,Male 40-49,2,23,1,440,460,12,20,36,780,795,12,15,48
2023116242,2023060443,2023010122,60+,Male,Male 60+,5,23,1,1050,1075,10,25,24,1110,1135,10,25,24
2023197052,2023101012,2023016985,21-29,Male,Male 21-29,2,23,1,360,390,16,30,32,930,960,16,30,32
2023035391,2023018575,2023003041,40-49,Male,Male 40-49,4,23,1,390,465,55,75,44,960,1050,55,90,36.7
2023072017,2023037641,2023006296,50-59,Male,Male 50-59,2,23,1,570,710,76,140,32.6,850,1000,76,150,30.4
2023012381,2023006542,2023001060,60+,Female,Female 60+,4,23,1,480,500,10,19,31.6,750,780,10,30,20
2023195775,2023100329,2023016866,50-59,Male,Male 50-59,5,23,1,600,630,10.5,30,21,1020,1055,10.5,35,18
2023051858,2023027225,2023004525,60+,Female,Female 60+,2,23,1,390,415,14,25,33.6,900,925,14,25,33.6
2023075320,2023039174,2023006553,50-59,Male,Male 50-59,2,23,1,330,360,20,30,40,1080,1110,20,30,40
2023014448,2023007562,2023001234,40-49,Male,Male 40-49,2,23,1,295,320,10,25,24,840,875,10,35,17.1
2023078966,2023040843,2023006827,50-59,Female,Female 50-59,5,23,1,417,441,16,24,40,997,1028,16,31,31
2023097948,2023051465,2023008602,50-59,Male,Male 50-59,1,23,1,485,555,67,70,57.4,1095,1185,68,75,54.4
2023039626,2023021136,2023003449,50-59,Female,Female 50-59,3,23,1,450,485,14,35,24,985,1025,15,40,22.5
2023157004,2023080400,2023013529,50-59,Female,Female 50-59,5,23,1,660,690,11,30,22,780,810,11,30,22
2023091264,2023047623,2023007964,30-39,Male,Male 30-39,2,23,1,390,420,12,30,24,1080,1110,12,30,24
2023004409,2023002293,2023000368,50-59,Male,Male 50-59,4,23,1,750,817,53,67,47.5,1380,15,53,75,42.4
2023130271,2023066973,2023011191,50-59,Female,Female 50-59,4,23,1,455,535,21,80,15.8,1030,1095,21,65,19.4
2023067897,2023035591,2023005961,50-59,Male,Male 50-59,3,23,1,420,460,12,40,18,1010,1050,12,40,18
2023127249,2023065651,2023010983,50-59,Female,Female 50-59,5,23,1,450,465,10.1,15,40.4,1080,1100,10.1,20,30.3
2023082603,2023042808,2023007149,21-29,Male,Male 21-29,3,23,1,430,470,24,40,36,990,1035,24,45,32
2023083608,2023043382,2023007240,21-29,Male,Male 21-29,3,23,1,420,450,17,30,34,995,1025,17,30,34
2023005262,2023002816,2023000466,30-39,Male,Male 30-39,2,23,1,420,480,16.5,60,16.5,960,1050,18,90,12
2023023812,2023012458,2023002067,40-49,Male,Male 40-49,5,23,1,480,525,19.9,45,26.5,1060,1100,20,40,30
2023077298,2023040188,2023006728,40-49,Male,Male 40-49,1,23,1,380,410,16,30,32,930,957,21,27,46.7
2023202034,2023103388,2023017361,40-49,Male,Male 40-49,5,23,1,270,295,14,25,33.6,930,960,14,30,28
2023163493,2023083415,2023014052,50-59,Male,Male 50-59,3,23,1,495,540,25,45,33.3,1020,1065,25,45,33.3
2023127273,2023065658,2023010984,50-59,Male,Male 50-59,5,23,1,600,630,16.8,30,33.6,1005,1035,16.8,30,33.6
2023172631,2023088069,2023014811,30-39,Male,Male 30-39,2,23,1,375,420,26,45,34.7,990,1040,26,50,31.2
2023185033,2023094757,2023015931,50-59,Female,Female 50-59,5,23,1,425,450,10,25,24,850,874,10,24,25
2023003340,2023001801,2023000295,40-49,Male,Male 40-49,2,23,1,480,525,35,45,46.7,1020,1080,35,60,35
2023005481,2023002997,2023000492,30-39,Male,Male 30-39,1,23,1,390,480,40,90,26.7,915,1005,40,90,26.7
2023059523,2023031229,2023005219,50-59,Male,Male 50-59,2,23,1,440,470,11,30,22,960,985,11,25,26.4
2023006892,2023003854,2023000636,30-39,Male,Male 30-39,4,23,1,430,475,30,45,40,1080,1140,30,60,30
2023048138,2023025456,2023004231,50-59,Female,Female 50-59,4,23,1,400,450,19,50,22.8,1120,1170,19,50,22.8
2023163487,2023083413,2023014052,50-59,Male,Male 50-59,1,23,1,450,495,30,45,40,1110,1155,30,45,40
2023014271,2023007458,2023001218,40-49,Male,Male 40-49,3,23,1,390,465,44,75,35.2,1020,1095,44,75,35.2
2023076699,2023039881,2023006673,50-59,Male,Male 50-59,2,23,1,420,445,11,25,26.4,1020,1060,11,40,16.5
2023158578,2023081127,2023013637,50-59,Male,Male 50-59,4,23,1,465,507,11.5,42,16.4,1070,1105,11.5,35,19.7
2023158404,2023081062,2023013628,40-49,Male,Male 40-49,2,23,1,330,390,26,60,26,1095,1200,26,105,14.9
2023060465,2023031677,2023005294,40-49,Male,Male 40-49,2,23,1,420,455,25,35,42.9,1110,1140,25,30,50
2023107564,2023056458,2023009451,40-49,Male,Male 40-49,3,23,1,495,520,10,25,24,1060,1085,10,25,24
2023099149,2023052137,2023008716,50-59,Male,Male 50-59,1,23,1,390,435,34,45,45.3,960,1020,34,60,34
2023019775,2023010337,2023001709,40-49,Male,Male 40-49,5,23,1,450,479,12,29,24.8,970,1010,12,40,18
2023035198,2023018400,2023003016,50-59,Female,Female 50-59,4,23,1,450,490,21,40,31.5,1000,1040,21,40,31.5
2023095590,2023050145,2023008391,21-29,Male,Male 21-29,4,23,1,300,320,10,20,30,840,860,10,20,30
2023107568,2023056460,2023009451,40-49,Male,Male 40-49,5,23,1,570,585,10,15,40,996,1020,10,24,25
2023038479,2023020581,2023003368,50-59,Male,Male 50-59,1,23,1,360,400,13,40,19.5,1080,1120,13,40,19.5
2023105380,2023055079,2023009227,60+,Male,Male 60+,3,23,1,485,535,26,50,31.2,1055,1105,26,50,31.2
2023034934,2023018266,2023002997,60+,Male,Male 60+,3,23,1,440,480,26,40,39,1080,1125,26,45,34.7
2023130359,2023067019,2023011198,50-59,Male,Male 50-59,1,23,1,345,370,18,20,54,870,910,18,25,43.2
2023044851,2023023824,2023003958,30-39,Male,Male 30-39,3,23,1,485,540,11,55,12,1050,1105,11,55,12
2023019200,2023010035,2023001653,40-49,Male,Male 40-49,4,23,1,325,367,17,32,31.9,900,940,17,40,25.5
2023195363,2023099996,2023016814,17-20,Male,Male 17-20,1,23,1,630,660,10,30,20,960,990,10,30,20
2023159940,2023081806,2023013758,50-59,Female,Female 50-59,4,23,1,440,470,12,30,24,930,960,12,30,24
2023191952,2023098312,2023016521,21-29,Male,Male 21-29,4,23,1,390,430,28,40,42,1005,1050,28,45,37.3
2023177034,2023090154,2023015174,30-39,Male,Male 30-39,1,23,1,480,515,17,35,29.1,1260,1295,17,35,29.1
2023088304,2023046029,2023007680,30-39,Male,Male 30-39,4,23,1,420,480,25,60,25,1080,1140,25,60,25
2023127653,2023065837,2023011012,50-59,Female,Female 50-59,2,23,1,435,510,26,75,20.8,1080,1125,26,45,34.7
2023037091,2023019671,2023003212,50-59,Female,Female 50-59,1,23,1,480,540,50,60,50,1020,1080,50,60,50
2023126698,2023065377,2023010939,40-49,Male,Male 40-49,4,23,1,330,390,51,60,51,1020,1110,51,90,34
2023044923,2023023868,2023003964,30-39,Male,Male 30-39,5,23,1,800,840,10,30,20,1280,1320,10,30,20
2023078309,2023040590,2023006785,50-59,Male,Male 50-59,4,23,1,690,716,11.6,18,38.7,1171,1200,11.6,21,33.1
2023088589,2023046201,2023007709,50-59,Male,Male 50-59,1,23,1,390,430,10,40,15,990,1045,11,55,12
2023185031,2023094756,2023015931,50-59,Female,Female 50-59,4,23,1,425,445,10,20,30,905,930,10,25,24
2023155898,2023079804,2023013416,30-39,Male,Male 30-39,4,23,1,481,510,16,29,33.1,1025,1055,16,30,32
2023162320,2023082849,2023013949,50-59,Male,Male 50-59,4,23,1,535,595,35.4,60,35.4,1129,1182,36.3,53,41.1
2023084244,2023043649,2023007293,50-59,Female,Female 50-59,4,23,1,435,470,17,35,29.1,1080,1135,17,55,18.5
2023198996,2023101879,2023017119,50-59,Male,Male 50-59,1,23,1,290,330,31,40,46.5,1080,1123,31,43,43.3
2023054545,2023028655,2023004774,40-49,Male,Male 40-49,4,23,1,420,570,68,150,27.2,1065,1170,68,105,38.9
2023049185,2023025959,2023004312,50-59,Female,Female 50-59,3,23,1,740,775,12,35,20.6,1325,1355,12,30,24
2023055738,2023029233,2023004872,50-59,Male,Male 50-59,1,23,1,370,420,11,50,13.2,1140,1170,11,30,22
2023161054,2023082287,2023013844,30-39,Female,Female 30-39,2,23,1,390,415,13,25,31.2,920,955,13,35,22.3
2023035745,2023018877,2023003092,60+,Male,Male 60+,5,23,1,390,420,18,30,36,1030,1060,18,30,36
2023003894,2023002104,2023000338,40-49,Female,Female 40-49,4,23,1,470,520,26,50,31.2,1170,1215,26,45,34.7
2023044768,2023023796,2023003954,30-39,Male,Male 30-39,3,23,1,420,450,20,30,40,960,1005,20,45,26.7
2023120483,2023062442,2023010463,40-49,Female,Female 40-49,2,23,1,405,435,12,30,24,1020,1060,12,40,18
2023108231,2023056712,2023009503,30-39,Male,Male 30-39,5,23,1,485,510,10.8,25,25.9,1030,1051,10.8,21,30.9
2023169499,2023086581,2023014542,21-29,Male,Male 21-29,5,23,1,500,535,10,35,17.1,1020,1050,10,30,20
2023047843,2023025322,2023004212,50-59,Male,Male 50-59,3,23,1,390,420,13,30,26,1020,1065,13,45,17.3
2023182884,2023093378,2023015715,60+,Female,Female 60+,5,23,1,500,540,10,40,15,750,780,10,30,20
2023180666,2023092227,2023015520,21-29,Female,Female 21-29,2,23,1,495,540,20,45,26.7,1050,1090,20,40,30
2023100384,2023052720,2023008810,30-39,Female,Female 30-39,3,23,1,473,525,25,52,28.8,1083,1119,25,36,41.7
2023161052,2023082286,2023013844,30-39,Female,Female 30-39,1,23,1,680,710,13,30,26,1205,1230,13,25,31.2
2023157927,2023080838,2023013593,21-29,Male,Male 21-29,2,23,1,450,480,14,30,28,990,1020,14,30,28
2023055473,2023029115,2023004853,50-59,Female,Female 50-59,2,23,1,420,440,13,20,39,1020,1040,13,20,39
2023040699,2023021885,2023003580,50-59,Male,Male 50-59,3,23,1,470,500,13,30,26,1080,1105,13,25,31.2
2023153001,2023078248,2023013164,40-49,Male,Male 40-49,2,23,1,300,330,26,30,52,840,885,26,45,34.7
2023086343,2023044966,2023007502,30-39,Male,Male 30-39,5,23,1,360,390,23,30,46,900,950,23,50,27.6
2023153456,2023078513,2023013205,40-49,Female,Female 40-49,1,23,1,720,770,25.5,50,30.6,1155,1200,25.5,45,34
2023023300,2023012085,2023002000,30-39,Female,Female 30-39,3,23,1,380,410,20.5,30,41,915,940,20.5,25,49.2
2023021716,2023011237,2023001865,30-39,Male,Male 30-39,2,23,1,450,488,25,38,39.5,1020,1065,25,45,33.3
2023077830,2023040421,2023006761,60+,Male,Male 60+,3,23,1,570,605,16,35,27.4,1080,1115,16,35,27.4
2023183756,2023093952,2023015798,50-59,Male,Male 50-59,5,23,1,780,805,10.2,25,24.5,1325,1355,12.5,30,25
2023034562,2023018050,2023002963,21-29,Male,Male 21-29,4,23,1,465,510,16,45,21.3,1020,1065,16,45,21.3
2023103971,2023054394,2023009098,30-39,Female,Female 30-39,4,23,1,390,430,13,40,19.5,1190,1220,13,30,26
2023127164,2023065614,2023010978,60+,Male,Male 60+,3,23,1,450,488,16,38,25.3,1030,1070,16,40,24
2023003691,2023002005,2023000324,50-59,Male,Male 50-59,3,23,1,210,240,17,30,34,840,910,17,70,14.6
2023161080,2023082314,2023013848,21-29,Male,Male 21-29,1,23,1,360,420,36,55,39.3,1170,1230,36,55,39.3
2023017160,2023008954,2023001461,30-39,Male,Male 30-39,1,23,1,360,395,14,35,24,1020,1060,14,40,21
2023041288,2023022230,2023003640,30-39,Male,Male 30-39,5,23,1,315,345,18,30,36,1020,1055,18,30,36
2023031707,2023016593,2023002720,50-59,Male,Male 50-59,3,23,1,390,450,34,60,34,960,1050,34,90,22.7
2023018162,2023009514,2023001557,21-29,Female,Female 21-29,1,23,1,675,720,24,45,32,780,825,24,45,32
2023016473,2023008585,2023001403,30-39,Male,Male 30-39,3,23,1,680,710,14,30,28,1380,1410,14,30,28
2023155541,2023079587,2023013383,50-59,Male,Male 50-59,4,23,1,450,480,10,30,20,1080,1110,10,30,20
2023048140,2023025457,2023004231,50-59,Female,Female 50-59,5,23,1,400,450,30,50,36,960,1010,30,50,36
2023122273,2023063417,2023010618,30-39,Male,Male 30-39,4,23,1,425,490,12,65,11.1,940,1025,12,85,8.5
2023167802,2023085703,2023014407,50-59,Male,Male 50-59,2,23,1,420,465,22,45,29.3,990,1080,22,90,14.7
2023197054,2023101013,2023016985,21-29,Male,Male 21-29,3,23,1,360,390,16,30,32,930,960,16,30,32
2023183146,2023093517,2023015736,21-29,Male,Male 21-29,4,23,1,540,575,17,35,29.1,1140,1175,17,30,34
2023054281,2023028501,2023004747,50-59,Female,Female 50-59,4,23,1,375,420,28,45,37.3,960,1020,28,60,28
2023127752,2023065871,2023011017,40-49,Male,Male 40-49,1,23,1,240,290,33,50,39.6,900,960,33,60,33
2023005777,2023003166,2023000516,21-29,Male,Male 21-29,2,23,1,435,466,22,31,42.6,975,1011,22,36,36.7
2023151085,2023077368,2023013026,40-49,Female,Female 40-49,4,23,1,510,530,10,20,30,940,960,10,20,30
2023015475,2023008102,2023001333,30-39,Female,Female 30-39,3,23,1,420,500,42,80,31.5,1050,1140,42,90,28
2023014024,2023007319,2023001193,30-39,Female,Female 30-39,4,23,1,419,442,10,23,26.1,1245,1280,10,35,17.1
2023047350,2023025089,2023004161,30-39,Male,Male 30-39,1,23,1,424,469,32,45,42.7,962,1017,32,55,34.9
2023010683,2023005701,2023000938,40-49,Male,Male 40-49,3,23,1,480,510,18,30,36,1050,1080,18,30,36
2023002990,2023001586,2023000264,21-29,Male,Male 21-29,4,23,1,500,530,16,30,32,990,1035,16,45,21.3
2023064685,2023033839,2023005675,50-59,Male,Male 50-59,1,23,1,600,660,10,60,10,1080,1140,10,60,10
2023009323,2023005065,2023000837,30-39,Female,Female 30-39,4,23,1,450,475,10,25,24,1050,1075,10,25,24
2023012395,2023006549,2023001061,50-59,Male,Male 50-59,4,23,1,500,525,10,25,24,1030,1055,10,25,24
2023133440,2023068525,2023011467,30-39,Male,Male 30-39,2,23,1,360,390,14.2,30,28.4,1020,1050,14.2,30,28.4
2023020309,2023010593,2023001760,30-39,Male,Male 30-39,2,23,1,355,395,26,40,39,945,1020,26,75,20.8
2023132708,2023068108,2023011399,40-49,Male,Male 40-49,5,23,1,720,765,22,45,29.3,1365,1410,22,45,29.3
2023052973,2023027771,2023004638,17-20,Male,Male 17-20,2,23,1,420,460,27,40,40.5,1050,1090,27,40,40.5
2023150764,2023077204,2023012999,50-59,Male,Male 50-59,1,23,1,440,475,14,35,24,990,1020,14,30,28
2023069913,2023036569,2023006114,50-59,Female,Female 50-59,1,23,1,390,430,16,40,24,930,975,16,45,21.3
2023109504,2023057233,2023009601,40-49,Female,Female 40-49,1,23,1,570,590,11,20,33,1100,1127,11,27,24.4
2023138585,2023071191,2023011945,50-59,Female,Female 50-59,1,23,1,405,430,14,25,33.6,1005,1040,14,35,24
2023022824,2023011790,2023001954,50-59,Female,Female 50-59,2,23,1,435,465,12,30,24,990,1030,12,40,18
2023081046,2023041968,2023007006,60+,Male,Male 60+,3,23,1,480,510,10,30,20,1020,1050,10,30,20
2023025857,2023013624,2023002254,21-29,Female,Female 21-29,2,23,1,1140,1180,20,40,30,1320,1380,20,60,20
2023134004,2023068806,2023011541,40-49,Male,Male 40-49,3,23,1,375,415,13,40,19.5,960,1005,13,45,17.3
2023103419,2023054143,2023009054,60+,Male,Male 60+,5,23,1,410,430,10,20,30,1020,1045,10,25,24
2023060506,2023031749,2023005304,40-49,Female,Female 40-49,4,23,1,355,387,28,32,52.5,1164,1201,28,37,45.4
2023071719,2023037528,2023006280,40-49,Male,Male 40-49,1,23,1,375,435,14,60,14,990,1080,14,90,9.3
2023132091,2023067813,2023011353,21-29,Female,Female 21-29,4,23,1,510,540,13,30,26,960,990,13,30,26
2023181456,2023092619,2023015585,60+,Female,Female 60+,2,23,1,405,450,10,45,13.3,1050,1110,10,60,10
2023013877,2023007263,2023001185,30-39,Female,Female 30-39,4,23,1,552,593,19.01,41,27.8,962,1002,18.58,40,27.9
2023078376,2023040622,2023006791,50-59,Male,Male 50-59,1,23,1,360,405,32,45,42.7,930,987,32,57,33.7
2023156532,2023080133,2023013472,60+,Male,Male 60+,4,23,1,360,380,11,20,33,810,830,11,20,33
2023083297,2023043163,2023007205,50-59,Male,Male 50-59,1,23,1,810,870,37,60,37,990,1080,37,90,24.7
2023023193,2023012027,2023001988,30-39,Male,Male 30-39,1,23,1,570,600,12,30,24,995,1047,12,52,13.8
2023096117,2023050510,2023008443,30-39,Male,Male 30-39,5,23,1,480,540,25,60,25,960,1020,25,60,25
2023180417,2023092076,2023015492,50-59,Male,Male 50-59,5,23,1,465,525,13,60,13,840,900,13,60,13
2023073017,2023038071,2023006360,50-59,Male,Male 50-59,5,23,1,470,500,14,30,28,915,945,14,30,28
2023202030,2023103386,2023017361,40-49,Male,Male 40-49,3,23,1,270,295,14,25,33.6,1020,1050,14,30,28
2023016671,2023008704,2023001422,30-39,Male,Male 30-39,3,23,1,360,405,12,45,16,960,1005,12,45,16
2023049519,2023026140,2023004339,21-29,Male,Male 21-29,2,23,1,435,465,11,30,22,1120,1145,11,25,26.4
2023152457,2023077985,2023013125,21-29,Male,Male 21-29,5,23,1,450,510,11,60,11,1090,1130,11,40,16.5
2023030097,2023015720,2023002594,40-49,Male,Male 40-49,5,23,1,490,530,14,40,21,780,810,14,30,28
2023150434,2023077071,2023012957,60+,Male,Male 60+,1,23,1,2,22,18,20,54,680,715,17,35,29.1
2023158843,2023081265,2023013657,30-39,Male,Male 30-39,2,23,1,420,465,18,45,24,975,1082,18,107,10.1
2023122972,2023063767,2023010670,60+,Male,Male 60+,4,23,1,1040,1075,17,35,29.1,1380,1415,17,35,29.1
2023082814,2023042914,2023007167,60+,Male,Male 60+,4,23,1,480,505,13,25,31.2,1080,1110,15,30,30
2023014456,2023007565,2023001234,40-49,Male,Male 40-49,5,23,1,295,320,10,25,24,840,875,10,35,17.1
2023157581,2023080641,2023013564,40-49,Male,Male 40-49,1,23,1,475,500,13,25,31.2,995,1020,13,25,31.2
2023133444,2023068527,2023011467,30-39,Male,Male 30-39,4,23,1,360,390,14.2,30,28.4,1020,1050,14.2,30,28.4
2023095586,2023050142,2023008391,21-29,Male,Male 21-29,1,23,1,300,320,10,20,30,840,860,10,20,30
2023108361,2023056743,2023009508,17-20,Male,Male 17-20,1,23,1,490,510,10,20,30,1020,1040,10,20,30
2023044464,2023023649,2023003906,30-39,Female,Female 30-39,3,23,1,555,600,20,45,26.7,1020,1080,20,60,20
2023044919,2023023867,2023003964,30-39,Male,Male 30-39,4,23,1,800,840,10,30,20,1280,1320,10,30,20
2023005071,2023002693,2023000439,50-59,Male,Male 50-59,5,23,1,360,420,46,60,46,990,1080,46,65,42.5
2023167158,2023085305,2023014339,21-29,Male,Male 21-29,3,23,1,510,540,10,30,20,1050,1080,10,30,20
2023167270,2023085347,2023014345,40-49,Male,Male 40-49,3,23,1,440,480,11,40,16.5,1020,1055,11,35,18.9
2023174834,2023088995,2023014956,30-39,Male,Male 30-39,4,23,1,402,465,11,63,10.5,1030,1070,11,40,16.5
2023022822,2023011789,2023001954,50-59,Female,Female 50-59,1,23,1,435,465,12,30,24,990,1030,12,40,18
2023031773,2023016628,2023002726,30-39,Female,Female 30-39,3,23,1,480,525,26,45,34.7,1260,1305,26,45,34.7
2023160961,2023082245,2023013838,50-59,Male,Male 50-59,2,23,1,425,457,17,32,31.9,1020,1065,18,45,24
2023067653,2023035470,2023005944,17-20,Female,Female 17-20,1,23,1,450,475,10,25,24,1020,1050,10,25,24
2023123909,2023064171,2023010730,50-59,Male,Male 50-59,2,23,1,1062,1101,22.6,39,34.8,1193,1218,18.7,25,44.9
2023046507,2023024720,2023004099,60+,Male,Male 60+,3,23,1,420,475,42.5,55,46.4,1020,1090,42.5,70,36.4
2023022573,2023011625,2023001924,30-39,Female,Female 30-39,5,23,1,480,525,26,45,34.7,1095,1140,26,45,34.7
2023038485,2023020584,2023003368,50-59,Male,Male 50-59,4,23,1,780,820,13,40,19.5,1380,1410,13,30,26
2023005847,2023003218,2023000523,40-49,Female,Female 40-49,5,23,1,570,600,12,30,24,840,870,12,30,24
2023062100,2023032495,2023005444,21-29,Male,Male 21-29,1,23,1,470,500,16,30,32,1020,1050,16,30,32
2023047762,2023025293,2023004199,30-39,Female,Female 30-39,2,23,1,310,350,25,40,37.5,955,1005,25,50,30
2023183253,2023093622,2023015751,30-39,Male,Male 30-39,4,23,1,345,400,12,55,13.1,1035,1095,12,60,12
2023067744,2023035514,2023005950,50-59,Male,Male 50-59,3,23,1,420,450,23,30,46,1110,1140,23,30,46
2023016854,2023008804,2023001438,50-59,Male,Male 50-59,5,23,1,314,352,18,38,28.4,800,854,17,54,18.9
2023183432,2023093810,2023015778,40-49,Female,Female 40-49,3,23,1,405,460,21,55,22.9,1080,1140,21,60,21
2023181239,2023092499,2023015568,40-49,Male,Male 40-49,1,23,1,420,445,14,25,33.6,765,795,14,30,28
2023181581,2023092723,2023015610,60+,Male,Male 60+,1,23,1,405,475,56,70,48,960,1032,56,72,46.7
2023082745,2023042886,2023007163,30-39,Female,Female 30-39,4,23,1,755,780,11,25,26.4,840,865,11,25,26.4
2023035387,2023018573,2023003041,40-49,Male,Male 40-49,2,23,1,390,465,55,75,44,960,1050,55,90,36.7
2023093517,2023048996,2023008193,30-39,Male,Male 30-39,3,23,1,435,480,24,45,32,990,1035,24,45,32
2023086333,2023044964,2023007502,30-39,Male,Male 30-39,3,23,1,360,390,23,30,46,930,990,23,60,23
2023159560,2023081616,2023013725,21-29,Female,Female 21-29,3,23,1,660,720,50,60,50,840,900,50,60,50
2023030399,2023015888,2023002618,40-49,Male,Male 40-49,5,23,1,495,540,23,45,30.7,1035,1080,23,45,30.7
2023016883,2023008810,2023001439,40-49,Female,Female 40-49,4,23,1,315,348,15,33,27.3,841,877,13,36,21.7
2023081652,2023042292,2023007052,50-59,Male,Male 50-59,5,23,1,500,550,20,50,24,990,1035,20,45,26.7
2023093515,2023048995,2023008193,30-39,Male,Male 30-39,2,23,1,425,470,24,45,32,1020,1060,24,40,36
2023161790,2023082594,2023013907,17-20,Male,Male 17-20,1,23,1,470,515,18,45,24,1020,1065,18,45,24
2023060495,2023031742,2023005303,40-49,Male,Male 40-49,4,23,1,600,625,15,25,36,960,990,15,30,30
2023035509,2023018708,2023003060,60+,Male,Male 60+,4,23,1,480,540,25,60,25,1035,1110,25,75,20
2023000690,2023000415,2023000068,50-59,Female,Female 50-59,2,23,1,445,480,15,35,25.7,1005,1035,15,30,30
2023163212,2023083254,2023014023,40-49,Male,Male 40-49,3,23,1,480,510,11,30,22,1110,1140,11,30,22
2023008306,2023004579,2023000753,60+,Male,Male 60+,1,23,1,705,765,30,60,30,960,1020,30,60,30
2023095999,2023050418,2023008430,40-49,Male,Male 40-49,4,23,1,960,990,12.3,30,24.6,1380,1410,12.3,30,24.6
2023016471,2023008584,2023001403,30-39,Male,Male 30-39,2,23,1,860,895,14,35,24,1380,1410,14,30,28
2023142299,2023073194,2023012293,40-49,Female,Female 40-49,2,23,1,510,545,14.5,35,24.9,855,900,14.5,35,24.9
2023075318,2023039173,2023006553,50-59,Male,Male 50-59,1,23,1,330,360,20,30,40,1080,1110,20,30,40
2023057355,2023030055,2023005020,30-39,Female,Female 30-39,4,23,1,480,510,11,30,22,960,1000,11,30,22
2023190914,2023097823,2023016422,60+,Male,Male 60+,5,23,1,330,425,62,95,39.2,1095,1200,62,105,35.4
2023119697,2023062066,2023010400,21-29,Male,Male 21-29,4,23,1,452,476,12,24,30,1053,1098,13,45,17.3
2023199002,2023101882,2023017119,50-59,Male,Male 50-59,4,23,1,290,330,31,40,46.5,1080,1125,31,45,41.3
2023151072,2023077354,2023013024,21-29,Male,Male 21-29,4,23,1,480,520,10,40,15,1080,1125,10,45,13.3
2023185538,2023095037,2023015976,60+,Male,Male 60+,5,23,1,360,420,45,60,45,960,1020,45,60,45
2023062102,2023032496,2023005444,21-29,Male,Male 21-29,2,23,1,465,495,16,30,32,1030,1060,16,30,32
2023082601,2023042807,2023007149,21-29,Male,Male 21-29,2,23,1,430,470,24,40,36,990,1035,24,45,32
2023174980,2023089048,2023014964,40-49,Female,Female 40-49,1,23,1,720,765,30,45,40,1155,1200,30,45,40
2023156627,2023080175,2023013480,30-39,Female,Female 30-39,4,23,1,510,540,20.3,30,40.6,1020,1050,20.3,30,40.6
2023169435,2023086538,2023014536,40-49,Male,Male 40-49,4,23,1,420,465,22,45,29.3,960,1005,22,45,29.3
2023077681,2023040350,2023006751,30-39,Male,Male 30-39,2,23,1,465,495,18,30,36,1035,1065,18,30,36
2023190976,2023097847,2023016428,30-39,Male,Male 30-39,1,23,1,433,476,16,43,22.3,1032,1095,16,63,15.2
2023090824,2023047330,2023007922,30-39,Female,Female 30-39,3,23,1,420,460,13.7,40,20.6,1080,1130,13.7,50,16.4
2023174638,2023088909,2023014944,40-49,Male,Male 40-49,2,23,1,310,330,13,20,39,1020,1055,13,35,22.3
2023035743,2023018876,2023003092,60+,Male,Male 60+,4,23,1,390,420,18,30,36,990,1020,18,30,36
2023106967,2023056085,2023009397,60+,Female,Female 60+,1,23,1,444,465,12,21,34.3,1039,1061,11,22,30
2023089010,2023046434,2023007758,30-39,Male,Male 30-39,3,23,1,480,510,20,30,40,960,980,20,20,60
2023073788,2023038467,2023006440,50-59,Male,Male 50-59,2,23,1,180,210,19,30,38,995,1025,19,30,38
2023049521,2023026142,2023004339,21-29,Male,Male 21-29,4,23,1,440,465,11,25,26.4,885,905,11,20,33
2023159893,2023081775,2023013751,50-59,Male,Male 50-59,1,23,1,360,435,50,75,40,1110,1185,50,75,40
2023181056,2023092408,2023015548,40-49,Male,Male 40-49,1,23,1,360,380,18,20,54,1020,1065,18,45,24
2023160959,2023082244,2023013838,50-59,Male,Male 50-59,1,23,1,410,445,17,35,29.1,1075,1108,18,33,32.7
2023054543,2023028654,2023004774,40-49,Male,Male 40-49,3,23,1,390,570,68,180,22.7,780,870,75,90,50
2023189510,2023097086,2023016311,30-39,Male,Male 30-39,3,23,1,480,510,17,30,34,960,1000,17,40,25.5
2023080884,2023041847,2023006989,40-49,Male,Male 40-49,1,23,1,330,360,15,30,30,870,900,15,30,30
2023102440,2023053706,2023008979,60+,Female,Female 60+,2,23,1,500,535,20,35,34.3,1050,1090,21,40,31.5
2023000688,2023000414,2023000068,50-59,Female,Female 50-59,1,23,1,445,480,15,35,25.7,1005,1035,15,30,30
2023145286,2023074779,2023012557,60+,Female,Female 60+,5,23,1,420,510,61,90,40.7,1200,1290,61,90,40.7
2023054514,2023028632,2023004771,50-59,Male,Male 50-59,2,23,1,210,250,10,40,15,890,940,10,50,12
2023113463,2023059265,2023009929,50-59,Female,Female 50-59,3,23,1,317,360,13.8,25,33.1,720,750,13.8,30,27.6
2023165513,2023084604,2023014228,50-59,Male,Male 50-59,2,23,1,900,975,15,75,12,1410,45,15,75,12
2023126813,2023065461,2023010951,40-49,Female,Female 40-49,4,23,1,909,947,13,38,20.5,1320,1340,13,20,39
2023133430,2023068519,2023011466,60+,Male,Male 60+,3,23,1,300,330,11,30,22,870,900,11,30,22
2023127756,2023065875,2023011017,40-49,Male,Male 40-49,5,23,1,240,290,33,50,39.6,900,960,33,60,33
2023044422,2023023633,2023003902,21-29,Male,Male 21-29,1,23,1,435,465,11,30,22,1200,1230,11,30,22
2023034837,2023018191,2023002986,60+,Male,Male 60+,5,23,1,465,510,15,45,20,1050,1110,15,60,15
2023067529,2023035388,2023005932,50-59,Female,Female 50-59,3,23,1,510,540,11,30,22,990,1020,11,30,22
2023133426,2023068517,2023011466,60+,Male,Male 60+,1,23,1,300,330,11,30,22,870,900,11,30,22
2023161056,2023082288,2023013844,30-39,Female,Female 30-39,3,23,1,385,410,13,25,31.2,905,930,13,25,31.2
2023167166,2023085307,2023014339,21-29,Male,Male 21-29,5,23,1,510,540,10,30,20,1050,1080,10,30,20
2023019341,2023010104,2023001664,40-49,Female,Female 40-49,3,23,1,470,510,12,40,18,900,930,12,30,24
2023166339,2023085011,2023014289,50-59,Female,Female 50-59,3,23,1,405,435,19,30,38,1245,1275,19,30,38
2023172941,2023088197,2023014831,30-39,Male,Male 30-39,4,23,1,330,350,12.1,20,36.3,995,1015,12.1,20,36.3
2023035513,2023018713,2023003061,40-49,Male,Male 40-49,2,23,1,300,345,28,45,37.3,855,900,28,45,37.3
2023134195,2023068923,2023011563,50-59,Male,Male 50-59,1,23,1,780,815,13,35,22.3,1325,1350,13,25,31.2
2023000692,2023000416,2023000068,50-59,Female,Female 50-59,3,23,1,445,480,15,35,25.7,1005,1035,15,30,30