#{"t_start": 1769697910.959324, "env_id": "V2GEnv-simple-v0"}
r,l,t
-7.56,24,1.517905
-7.768377,26,1.554905
-7.805197,25,1.591905
-12.847271,25,1.629412
-8.36226,26,1.667412
-10.977113,27,1.711923
-12.85494,25,1.754923
-11.826377,24,1.792923
-9.814638,26,1.83143
-12.426085,25,1.86643
-9.668787,25,1.901432
-11.582573,30,1.946893
-7.633939,26,1.992893
-5.176141,28,2.0374
-12.744454,26,2.0754
-9.353373,26,2.113909
-7.443866,28,2.156908
-4.804344,22,2.190909
-18.638056,34,2.242416
-4.612058,21,2.278417
-7.720475,25,2.320928
-8.523982,27,2.365929
-9.12102,23,2.40093
-14.519857,29,2.443435
-13.350167,30,2.489435
-7.451096,26,2.527946
-10.85839,25,2.565946
-8.547251,26,2.605949
-12.631222,29,2.648455
-6.664855,23,2.684454
-10.916087,30,2.730534
-9.381526,25,2.768535
-7.760419,25,2.80904
-11.342759,28,2.859044
-9.641005,30,2.912558
-8.765716,28,2.957308
-9.422593,21,2.989556
-11.591952,28,3.033308
-6.080608,28,3.073914
-11.31349,26,3.113031
-8.96335,24,3.151031
-7.620078,27,3.193031
-6.926241,26,3.23554
-12.596994,26,3.27754
-9.723631,24,3.318048
-10.080875,28,3.373048
-11.962823,28,3.423066
-9.163664,27,3.475067
-12.076006,29,3.518574
-15.302426,28,3.561574
-7.366227,27,3.603577
-8.048623,28,3.646081
-10.377429,25,3.685081
-9.641246,22,3.719114
-6.282484,23,3.754113
-10.708509,24,3.793114
-14.619475,25,3.832622
-11.729542,26,3.872622
-13.326538,25,3.915131
-12.778606,27,3.95713
-7.532629,24,3.996134
-9.640324,23,4.034159
-11.443843,29,4.080159
-9.544718,26,4.124668
-5.325733,22,4.161667
-6.091597,20,4.206672
-9.50072,22,4.250177
-13.297834,29,4.296178
-10.934397,25,4.336467
-10.332198,25,4.375468
-13.188666,29,4.421976
-9.598545,28,4.471976
-7.649412,21,4.511484
-10.052276,25,4.553484
-4.864724,24,4.593484
-13.930167,30,4.654505
-5.552926,22,4.695507
-8.652689,22,4.731013
-9.764901,26,4.775013
-11.770647,25,6.297164
-4.285174,22,6.344799
-8.537479,28,6.389753
-12.118965,24,6.431261
-11.525551,26,6.472261
-9.777153,21,6.508264
-7.801542,25,6.55377
-8.58607,23,6.595773
-8.640325,23,6.643279
-10.6146,24,6.688278
-14.632669,27,6.730786
-11.856556,28,6.781786
-13.032446,25,6.825964
-10.35307,21,6.864963
-8.327836,22,6.903967
-9.999895,25,6.945989
-9.03329,24,6.988989
-5.481418,27,7.033498
-4.897108,22,7.073498
-9.248761,24,7.115006
-5.581935,21,7.152006
-8.928331,24,7.194006
-11.144618,28,7.243517
-7.758938,21,7.289566
-7.520053,25,7.341859
-5.488296,22,7.381433
-8.336919,22,7.436522
-10.136922,23,7.478569
-9.989376,24,7.524644
-12.655531,28,7.573646
-14.384164,26,7.619764
-13.259251,29,7.669765
-7.470437,24,7.711829
-6.376618,24,7.755829
-9.324056,21,7.794829
-6.616266,26,7.849973
-8.118352,21,7.892972
-6.242967,24,7.934484
-10.18766,24,7.97848
-8.126616,22,8.031988
-10.150093,24,8.075988
-8.185808,23,8.116499
-15.996012,26,8.163499
-8.513034,23,8.204502
-7.462733,23,8.245008
-5.796401,23,8.287008
-7.136961,24,8.329519
-11.114137,27,8.377518
-5.333066,22,8.424028
-7.738093,19,8.46303
-9.897185,23,8.511032
-10.097691,25,8.555077
-11.019748,23,8.595077
-7.996833,25,8.640588
-10.562781,24,8.683586
-10.513471,23,8.725097
-9.686727,23,8.784096
-10.850236,23,8.825606
-5.170742,19,8.860604
-8.829469,23,8.900608
-12.412402,28,8.952114
-3.542015,21,8.996113
-8.604721,22,9.044625
-9.490175,26,9.100629
-6.938044,24,9.146139
-6.484791,24,9.19314
-8.382411,23,9.239239
-10.306593,25,9.288239
-7.260503,23,9.330751
-10.479005,24,9.376752
-4.56811,24,9.42526
-8.39934,26,9.474271
-9.228177,22,9.518548
-9.559438,23,9.566746
-6.866135,26,9.622771
-8.581555,24,9.66377
-5.485318,22,9.701777
-6.807995,25,9.75881
-16.15395,30,9.821324
-7.147895,21,9.861321
-7.754926,25,9.906324
-6.402787,21,9.94688
-11.125469,23,9.988832
-9.80363,24,10.033342
-6.541695,23,10.100346
-9.59392,20,10.139851
-11.237635,25,12.896989
-3.129542,26,13.004081
-2.653023,20,13.085443
-5.217265,23,13.17795
-9.379528,22,13.26446
-5.526704,23,13.36197
-7.483671,21,13.447061
-7.022639,22,13.538571
-7.87606,24,13.649081
-7.703307,24,13.743591
-9.385502,24,13.848134
-9.309453,20,13.929171
-5.124446,21,14.012681
-7.294961,23,14.099191
-9.84541,25,14.193697
-5.695086,21,14.275205
-9.708422,24,14.366714
-6.526379,25,14.463223
-4.995946,19,14.553734
-4.582455,21,14.639244
-10.398807,26,14.755755
-4.366432,22,14.852265
-9.249018,25,14.959772
-6.807827,22,15.05128
-8.425667,25,15.158787
-9.8851,23,15.255297
-7.639376,23,15.351806
-3.770377,22,15.445317
-10.661745,24,15.552824
-6.441736,21,15.663341
-4.23451,24,15.772849
-7.629211,25,15.879934
-9.424914,28,16.007041
-7.891889,22,16.103341
-5.754731,26,16.211503
-3.847941,25,16.318517
-9.815794,24,16.424026
-7.094458,19,16.525058
-3.941029,22,16.621094
-8.307192,22,16.713097
-10.275765,22,16.804605
-5.212853,22,16.908114
-7.73599,23,17.007623
-8.338613,19,17.092129
-9.690484,25,17.20364
-3.272983,18,17.287148
-8.351957,21,17.393656
-6.746736,21,17.490166
-12.430737,25,17.598676
-5.740962,20,17.689183
-5.882167,22,17.788272
-6.814675,25,17.900784
-8.761002,23,18.011294
-9.559557,26,18.13331
-6.40964,25,18.255944
-6.619946,21,18.353182
-10.184212,25,18.488693
-7.99069,23,18.5962
-7.173391,22,18.69571
-9.643488,21,18.78922
-5.926632,20,18.88073
-8.375929,25,19.002239
-6.392273,24,19.117255
-6.971125,22,19.221764
-7.967553,22,19.323273
-7.693294,21,19.428785
-3.093439,21,19.539294
-4.203273,23,19.643803
-7.662476,23,19.752314
-7.287786,22,19.853822
-8.500086,24,19.966333
-5.993727,19,20.067841
-7.343581,24,20.180352
-6.417137,23,20.301878
-5.627627,25,20.424327
-3.937884,23,20.552211
-4.622215,21,20.645718
-6.854425,25,20.757227
-10.938485,25,20.875737
-7.034254,24,20.981244
-7.295865,27,21.101756
-8.477606,22,21.211265
-7.106818,24,21.335281
-9.284066,25,21.455788
-7.340432,24,21.568296
-10.252483,23,21.676805
-6.131054,25,21.796316
-6.692797,23,21.904827
-7.335437,25,22.01684
-5.055329,26,40.013358
-5.04813,19,40.056914
-7.024391,18,40.101867
-5.732779,22,40.145378
-4.583359,21,40.187378
-7.636244,22,40.232631
-3.956453,21,40.273632
-2.866569,21,40.316634
-3.775392,24,40.363142
-4.59856,23,40.411191
-6.844062,17,40.445697
-6.008225,19,40.484697
-5.957848,23,40.542874
-4.819918,24,40.594871
-4.363677,17,40.636386
-4.676533,20,40.683383
-5.678846,22,40.728894
-5.460122,23,40.774891
-3.878922,21,40.816895
-7.507358,21,40.862401
-2.66779,23,40.908403
-2.200586,20,40.950909
-4.40667,25,41.002908
-7.823467,21,41.04842
-4.312615,23,41.112427
-6.716493,22,41.166936
-6.742289,21,41.219443
-5.405941,22,41.267445
-4.920677,25,41.318951
-8.597653,21,41.360954
-6.94708,18,41.399954
-4.733765,21,41.447464
-9.205702,22,41.503466
-7.731722,20,41.549974
-8.094051,21,41.593974
-5.458801,20,41.638482
-2.821499,19,41.677482
-8.447724,19,41.717487
-5.126924,21,41.794998
-8.04492,26,41.863506
-5.808118,22,41.907509
-4.247694,19,41.948016
-5.027222,19,41.990014
-4.612264,22,42.036723
-9.138104,22,42.093648
-6.339055,25,42.151779
-8.674765,25,42.215289
-7.110887,22,42.265797
-5.448837,25,42.327304
-5.520332,22,42.387305
-9.041939,22,42.438814
-8.299937,22,42.487814
-6.596434,23,42.537321
-6.829077,24,42.587321
-5.24813,20,42.637576
-7.367248,21,42.686576
-6.000979,22,42.737607
-5.399794,20,42.781607
-2.812636,22,42.834168
-6.052964,26,42.891118
-6.983415,20,42.938626
-5.107294,21,42.984627
-8.531636,19,43.025644
-3.008033,23,43.078645
-6.175054,20,43.123155
-5.958031,23,43.193156
-7.072881,22,43.247666
-6.228114,23,43.299666
-5.720004,23,43.350177
-7.603605,23,43.402176
-4.511647,20,43.446685
-6.645334,19,43.491685
-4.965216,22,43.541194
-7.063912,20,43.587194
-10.577339,25,43.643705
-3.862492,17,43.680704
-5.436595,23,43.731215
-6.573169,22,43.780215
-3.672364,19,43.829729
-9.562958,22,43.878726
-4.811717,20,43.920234
-7.133578,23,43.977239
-4.208379,19,44.02981
-7.308891,23,44.07781
-6.075572,24,44.130319
-4.916342,24,44.185419
-4.151983,22,44.23558
-4.730511,19,44.280659
-7.198501,20,44.32778
-5.763586,22,44.387782
-4.721621,20,44.43429
-5.817393,21,44.482289
-4.428993,21,44.527799
-5.972731,21,44.582799
-8.117165,24,44.636308
-6.19181,22,46.031466
-7.972896,22,46.085466
-6.191634,24,46.157783
-5.186443,22,46.213793
-6.062836,20,46.259302
-8.139271,23,46.342481
-5.170148,20,46.388288
-7.965934,24,46.442369
-4.324517,20,46.488878
-5.295689,22,46.536384
-5.35305,19,46.583387
-3.111337,20,46.637939
-6.392535,22,46.696939
-5.012359,19,46.748448
-6.723359,25,46.802448
-5.297419,20,46.842554
-7.47041,24,46.894554
-4.282638,23,46.941062
-3.957578,22,46.986062
-5.708328,24,47.039627
-2.847815,22,47.088628
-3.319423,19,47.133135
-2.963782,21,47.178135
-5.21765,21,47.236643
-3.457219,19,47.279694
-7.908709,20,47.325152
-10.882857,23,47.379152
-5.943793,22,47.426659
-3.397799,23,47.49266
-5.257626,22,47.551173
-5.754325,22,47.602172
-4.02106,22,47.648681
-7.687594,21,47.70468
-5.526545,19,47.74619
-5.3913,18,47.798191
-6.359965,20,47.844698
-3.56973,22,47.897698
-4.900788,19,47.941209
-2.626736,18,47.98621
-4.581867,21,48.040718
-2.74566,22,48.10372
-4.490042,23,48.161227
-3.990972,19,48.204227
-3.930417,22,48.254744
-4.895662,20,48.298743
-4.156499,21,48.356253
-5.850666,16,48.393253
-2.776364,21,48.445761
-4.485926,20,48.494012
-5.356488,20,48.551484
-5.685758,19,48.59713
-6.772174,25,48.665764
-5.234171,20,48.717765
-4.592016,21,48.766272
-4.259099,21,48.814275
-4.418256,22,48.866781
-1.840794,20,48.914784
-7.978069,24,48.971289
-4.65058,19,49.016294
-3.657493,20,49.063801
-4.522468,19,49.109803
-5.642843,20,49.15531
-6.16691,20,49.210319
-2.72093,24,49.274832
-7.550179,22,49.329341
-2.10042,23,49.381341
-6.791033,23,49.43785
-5.013674,22,49.487849
-6.073381,23,49.551358
-6.018456,21,49.601359
-3.731968,21,49.661868
-3.449599,18,49.705868
-8.840004,23,49.780106
-4.161699,20,49.833617
-6.139149,22,49.888615
-4.587654,22,49.940124
-5.18219,22,49.992123
-4.605881,20,50.036633
-3.82784,23,50.094633
-3.341189,20,50.144143
-6.078485,23,50.211147
-7.776468,22,50.265654
-2.863332,23,50.325164
-3.55036,17,50.373164
-6.859667,22,50.438678
-3.79221,18,50.481677
-2.984839,19,50.535187
-4.44694,21,50.583187
-3.228704,20,50.642228
-6.733652,20,50.690766
-0.626874,24,50.759837
-5.751506,22,50.81596
-5.702243,22,50.872519
-3.413135,22,50.925918
-4.545807,22,50.989918
-4.744967,19,51.037426
-3.265893,20,52.485902
-2.070421,20,52.536416
-4.818852,20,52.582416
-4.575571,21,52.634925
-3.973983,20,52.682925
-2.040406,20,52.733432
-3.532394,20,52.783997
-6.661864,15,52.826205
-4.390093,20,52.888235
-4.357958,21,52.947839
-6.088536,22,53.022347
-5.055016,20,53.07235
-5.50282,20,53.117352
-10.251148,22,53.172858
-3.304945,23,53.226366
-6.675711,19,53.274366
-5.895871,22,53.326874
-4.014184,23,53.384875
-6.296744,21,53.436384
-2.964816,23,53.502385
-3.437238,20,53.552892
-3.610387,23,53.624403
-5.030364,22,53.681402
-4.626317,22,53.735911
-6.351163,18,53.778911
-5.871113,20,53.837423
-4.423905,25,53.900421
-3.916653,22,53.965931
-4.145816,22,54.020974
-5.311615,19,54.071481
-6.146606,21,54.124995
-2.814852,20,54.187995
-5.005506,21,54.241502
-7.282191,22,54.296502
-5.805648,22,54.357013
-4.670913,22,54.420015
-2.678951,20,54.469521
-4.26771,21,54.526029
-3.13496,21,54.57803
-4.174505,23,54.652585
-4.124051,20,54.70955
-4.306134,21,54.774056
-3.370375,19,54.822561
-3.861671,18,54.868564
-4.259608,20,54.940504
-4.223709,20,54.992023
-2.910011,21,55.046157
-3.369798,20,55.098227
-10.284967,24,55.160736
-7.248183,21,55.21474
-3.837375,22,55.281247
-5.355879,21,55.340758
-3.277689,20,55.39576
-2.938439,18,55.440265
-4.481635,22,55.496265
-3.738205,21,55.547773
-5.873475,21,55.601774
-3.677843,21,55.653281
-3.151428,21,55.706281
-5.075485,19,55.753789
-4.004178,21,55.808793
-2.179939,19,55.863808
-5.327552,22,55.933315
-3.019351,23,55.986315
-3.6681,21,56.044823
-6.86226,22,56.094823
-4.316843,23,56.151843
-4.761067,21,56.203843
-2.164769,21,56.258874
-0.797348,20,56.309876
-3.992143,20,56.362384
-6.004535,19,56.410387
-3.918513,19,56.468891
-2.409305,19,56.521894
-4.211857,19,56.573219
-5.161635,20,56.630737
-3.369053,22,56.697734
-5.418941,19,56.743241
-2.430274,21,56.797243
-3.502753,18,56.844801
-2.496799,19,56.895801
-3.722035,23,56.957311
-6.106732,24,57.022314
-3.967303,21,57.078825
-5.487295,21,57.145208
-4.001987,23,57.212604
-4.281252,20,57.268208
-3.488321,20,57.319208
-2.924374,21,57.376714
-4.329541,18,57.429222
-3.356309,22,57.496223
-4.312043,19,57.56273
-2.770746,20,57.616733
-1.411796,20,57.670239
-8.818797,21,57.728749
-3.60547,20,57.78975
-4.501534,23,57.85088
-2.762602,21,57.90788
-3.938234,19,57.957389
-2.007682,21,89.215129
-7.804941,22,89.35841
-3.604605,19,89.512639
-4.675847,22,89.674107
-2.398856,19,89.803893
-5.938913,22,89.950316
-2.04041,20,90.073907
-1.296854,20,90.210104
-3.235536,19,90.327602
-1.48876,19,90.448721
-2.126292,21,90.592904
-3.271205,20,90.726329
-1.78612,20,90.868448
-3.368302,17,90.977754
-2.074987,19,91.099581
-2.960932,23,91.243661
-3.584754,21,91.380948
-4.769981,20,91.516052
-2.543697,19,91.634649
-2.536237,21,91.770015
-3.802511,21,91.902876
-4.243631,21,92.054745
-5.764675,20,92.187124
-1.244504,20,92.314917
-3.545614,22,92.454004
-2.417577,21,92.589508
-2.250716,22,92.746792
-6.9064,20,92.875728
-3.164563,21,93.012723
-4.234836,21,93.147801
-8.117623,18,93.267106
-2.799336,20,93.399754
-2.302497,21,93.533692
-5.252226,21,93.676129
-8.726697,22,93.822694
-3.588918,20,93.963583
-3.087484,21,94.097089
-4.331943,22,94.246715
-6.471975,23,94.395086
-3.95046,20,94.533689
-2.316061,18,94.664088
-2.723851,22,94.814458
-1.502743,19,94.936707
-2.437743,22,95.076954
-2.953174,20,95.222221
-3.699202,22,95.363651
-2.929329,18,95.481855
-3.88905,20,95.609652
-4.506888,19,95.730659
-1.294507,20,95.87688
-5.170271,21,95.962768
-3.442613,21,96.029192
-6.68647,22,96.093187
-3.166109,21,96.153211
-6.288979,22,96.216078
-2.237897,20,96.269885
-2.671891,20,96.32499
-4.061091,20,96.386449
-4.365865,20,96.448808
-5.959195,20,96.503824
-1.357981,19,96.558093
-3.720004,19,96.608093
-2.932084,19,96.661603
-3.224311,18,96.710603
-1.934601,21,96.771112
-5.049105,21,96.830205
-3.173113,22,96.894766
-4.679191,21,96.959274
-3.244291,20,97.023275
-4.679227,21,97.078786
-3.678483,20,97.135787
-3.458928,21,97.193293
-8.467838,24,97.260803
-3.275426,19,97.316802
-2.3706,23,97.380311
-3.714384,21,97.440314
-2.712739,20,97.497584
-7.006074,19,97.562746
-3.827076,20,97.621746
-2.18173,19,97.681258
-6.471287,20,97.737261
-5.627593,22,97.795767
-3.881554,23,97.860278
-2.093245,20,97.916276
-5.6424,21,97.976785
-2.74284,19,98.028787
-3.041195,19,98.083296
-1.394474,19,98.135297
-3.577351,21,98.200808
-5.307481,23,98.271982
-4.674572,18,98.322985
-4.320501,20,98.388497
-2.122549,24,98.455026
-5.515337,21,98.516167
-3.141591,19,98.56887
-4.616965,21,98.629576
-3.599745,19,98.685589
-6.125137,21,98.746097
-5.270086,23,98.830102
-4.307105,22,100.221035
-2.956654,20,100.280543
-2.373265,20,100.339546
-4.121347,21,100.401054
-3.864182,20,100.458562
-6.699261,21,100.52957
-4.811225,20,100.596081
-3.096456,20,100.654603
-6.624634,21,100.716678
-3.801797,21,100.784352
-3.464732,20,100.84486
-6.006081,20,100.90286
-3.677291,21,100.965368
-4.160534,20,101.023369
-1.558307,21,101.090879
-3.296113,22,101.163038
-3.430751,20,101.216038
-4.082435,19,101.269547
-1.949085,20,101.32855
-4.133232,23,101.398059
-1.528261,20,101.453569
-3.003143,20,101.512569
-6.417509,21,101.570078
-4.513268,18,101.624077
-5.396509,22,101.70224
-4.899153,21,101.764749
-3.61751,19,101.815749
-2.503646,22,101.873256
-3.794662,20,101.925256
-6.204292,20,101.978767
-2.657518,21,102.03777
-5.355375,19,102.091277
-3.960241,20,102.147791
-2.142818,20,102.22079
-1.500409,17,102.271298
-4.662715,20,102.337305
-4.261118,21,102.399811
-4.447606,22,102.472323
-2.195666,20,102.534323
-4.718793,19,102.588831
-2.58192,18,102.640834
-2.679592,20,102.700341
-2.830386,18,102.752849
-2.926253,19,102.815179
-1.770277,21,102.879118
-4.932653,22,102.95266
-3.745931,20,103.011657
-3.07827,18,103.071765
-2.818978,19,103.128767
-5.42011,21,103.187273
-2.56042,20,103.245784
-3.539867,20,103.302784
-1.90631,19,103.360933
-4.574167,20,103.419987
-3.631631,21,103.485491
-1.101139,20,103.545999
-4.48372,20,103.616999
-2.151232,19,103.678514
-2.113116,20,103.735517
-3.779122,20,103.794022
-3.550769,21,103.854532
-2.736185,21,103.92053
-2.746596,21,103.981041
-3.084394,20,104.041043
-2.437437,20,104.10055
-5.285926,23,104.174062
-2.772175,20,104.241064
-3.892036,20,104.29857
-3.189127,21,104.359077
-1.995729,20,104.417076
-4.304366,19,104.474588
-5.411552,17,104.538588
-5.019971,21,104.602098
-1.167888,20,104.662647
-2.967609,20,104.724648
-2.626749,19,104.788158
-3.37547,20,104.843159
-2.96925,19,104.895628
-2.587039,21,104.963138
-1.372803,18,105.016907
-3.618334,19,105.070449
-3.931092,21,105.132562
-2.172745,19,105.187068
-4.807983,19,105.244577
-3.465521,23,105.311576
-1.026733,18,105.371088
-2.887848,22,105.44009
-4.830436,22,105.508599
-3.045183,19,105.579111
-2.194581,17,105.626109
-2.940025,21,105.688618
-2.444162,18,105.73962
-2.168989,22,105.805127
-2.434864,19,105.862634
-2.379545,20,105.921635
-2.547347,20,105.982143
-1.290094,18,106.037146
-2.662893,19,106.094651
-3.095173,19,106.154668
-4.403374,20,106.22267
-5.649061,23,106.290178
-2.338519,19,106.348687
-3.090857,23,107.853977
-4.298076,20,107.91598
-2.664187,20,107.998541
-3.164451,19,108.06305
-3.00486,22,108.135053
-1.744911,20,108.208283
-3.687977,21,108.273793
-1.904762,20,108.341794
-5.330423,20,108.409303
-3.873884,20,108.492811
-2.66887,20,108.57433
-7.279037,19,108.632336
-1.979045,21,108.695848
-4.773843,19,108.772358
-3.042236,19,108.835361
-3.3811,22,108.909865
-2.854744,22,108.980374
-2.784922,21,109.042378
-4.529784,21,109.120885
-2.743738,20,109.197396
-6.052748,20,109.257907
-5.155707,19,109.326365
-1.896224,21,109.405545
-3.684172,20,109.467052
-6.333368,19,109.543056
-4.397127,23,109.619561
-2.648685,21,109.691073
-3.238,19,109.75658
-2.419545,20,109.819581
-2.927347,20,109.888848
-3.181575,20,109.951365
-2.740869,20,110.014363
-2.249492,20,110.091918
-2.58247,18,110.149433
-5.601405,23,110.235439
-3.67848,21,110.315949
-3.481958,19,110.378462
-6.349012,20,110.45298
-1.276499,20,110.529978
-2.604099,20,110.591489
-4.149617,20,110.664103
-3.366452,20,110.736109
-5.399917,20,110.809616
-2.919334,21,110.896132
-2.961106,19,110.953171
-5.231954,18,111.033174
-2.872231,18,111.094193
-5.280542,20,111.166712
-2.384798,19,111.227713
-5.381545,20,111.306222
-5.772973,21,111.393733
-4.365883,21,111.463482
-3.475938,19,111.532629
-5.675017,20,111.60267
-3.029634,20,111.673181
-3.091423,20,111.737187
-3.125284,18,111.793638
-2.632184,21,111.871145
-2.967239,19,111.93415
-5.089519,20,111.997656
-2.858571,19,112.061167
-3.778653,19,112.122166
-2.003201,19,112.193676
-2.240416,21,112.27719
-1.445714,19,112.341191
-3.311282,20,112.417698
-4.105145,19,112.484205
-5.237218,20,112.544208
-3.927823,20,112.608716
-3.345837,21,112.674224
-2.139241,18,112.739226
-2.092512,19,112.808738
-4.84325,22,112.884362
-6.757898,19,112.957871
-3.341474,21,113.030874
-3.999612,20,113.108382
-4.157175,19,113.175432
-2.568372,19,113.245432
-2.364352,19,113.309939
-2.804315,19,113.376458
-3.064784,20,113.441463
-1.366416,20,113.509972
-2.586669,21,113.589952
-2.45148,19,113.651142
-4.671889,19,113.715855
-4.518625,20,113.78937
-2.641196,21,113.856878
-3.080476,19,113.917877
-2.424219,20,113.980386
-3.373668,20,114.044394
-2.435575,19,114.105958
-4.759872,18,114.180032
-3.503565,21,114.250341
-2.658535,19,114.314341
-3.587512,19,114.382711
-3.143818,20,114.443711
-4.148408,19,114.507216
-2.659122,21,114.576724
-2.866976,21,114.644728
-2.099316,19,114.712234
-4.210712,18,114.767744
-1.47737,19,114.835747
-6.36762,19,114.896253
-5.914087,18,114.958765
-6.260445,19,139.160855
-2.187762,20,139.239809
-2.782202,20,139.303314
-4.776414,20,139.367823
-2.109352,20,139.435387
-2.693802,19,139.503381
-1.965969,20,139.574996
-2.432098,19,139.637998
-3.921672,20,139.706507
-2.183689,19,139.784022
-2.10368,21,139.853024
-3.013077,19,139.911041
-3.069938,20,139.976065
-2.246164,21,140.042067
-1.674929,20,140.108572
-3.794386,20,140.173079
-6.383941,19,140.239085
-1.848857,20,140.303596
-2.318294,19,140.377104
-2.567027,23,140.460569
-3.359766,20,140.522571
-4.769068,21,140.591079
-1.952255,19,140.653083
-2.929433,20,140.716342
-1.097218,19,140.778852
-4.313702,19,140.839855
-4.755844,21,140.923365
-1.082289,18,140.988492
-1.940608,20,141.063949
-2.982409,19,141.126997
-2.623547,19,141.189518
-1.820567,19,141.255167
-6.27633,20,141.327125
-2.067579,21,141.39964
-5.120288,20,141.48216
-2.483018,19,141.55967
-1.066344,20,141.633085
-7.247613,21,141.701643
-1.080374,19,141.767722
-1.858391,17,141.826722
-5.428903,18,141.916234
-5.17919,18,141.981748
-1.507232,19,142.044748
-1.356658,19,142.11326
-3.513989,19,142.190783
-0.91454,18,142.250837
-4.674745,21,142.324389
-7.80668,24,142.412898
-3.068168,19,142.488409
-1.396325,20,142.561918
-2.010167,20,142.649919
-3.175788,19,142.731426
-1.98074,21,142.812935
-1.762333,19,142.883546
-6.935045,18,142.955112
-2.005949,19,143.030113
-6.285547,21,143.109623
-3.199384,18,143.177132
-2.653145,19,143.249135
-5.181945,21,143.337641
-2.891995,20,143.409148
-3.374235,21,143.478658
-4.860361,20,143.554161
-2.663184,18,143.626164
-6.860467,21,143.702672
-2.324391,17,143.771785
-3.397856,21,143.84884
-4.926915,18,143.914852
-2.517374,22,144.00136
-2.528959,18,144.074871
-2.57282,21,144.152872
-1.725481,19,144.221378
-3.561799,21,144.301589
-3.887671,20,144.376098
-2.079098,19,144.450101
-2.160449,18,144.517607
-3.720485,21,144.597722
-2.298538,21,144.680233
-1.685083,20,144.75874
-5.202161,21,144.836741
-6.40085,21,144.912249
-3.503555,21,144.994757
-3.584416,21,145.076268
-1.351722,19,145.148271
-6.351391,18,145.216778
-3.716189,20,145.301286
-3.082845,19,145.372795
-2.872025,20,145.449799
-3.250313,20,145.526305
-2.59194,20,145.602814
-1.365426,20,145.679322
-3.102704,16,145.743327
-1.071218,19,145.826832
-4.459023,20,145.906681
-3.96987,21,145.981885
-3.932471,20,146.057189
-2.061632,19,146.128189
-2.161289,21,146.204696
-4.964617,18,146.276205
-5.878392,17,146.341208
-3.355793,21,146.419713
-3.515276,21,146.502223
-1.509491,19,146.572729
-2.949719,20,146.645734
-2.331846,19,148.065404
-2.058968,19,148.130526
-2.826908,19,148.196231
-3.89434,22,148.276742
-3.194097,18,148.345744
-1.634375,18,148.404252
-2.826632,19,148.469764
-5.130169,19,148.542766
-1.834807,19,148.612374
-3.07346,18,148.674884
-2.312205,19,148.741886
-1.491972,20,148.811393
-1.886204,21,148.891907
-1.625698,20,148.962414
-3.005674,20,149.032416
-7.872693,21,149.102926
-1.494634,18,149.170434
-2.451901,19,149.244438
-4.266783,18,149.308944
-3.921891,20,149.378452
-2.732886,19,149.453455
-1.858487,18,149.514963
-1.712825,19,149.588471
-1.18639,18,149.644473
-3.524686,19,149.745495
-2.933014,18,149.809001
-2.139826,19,149.87351
-3.33692,20,149.942515
-1.164721,20,150.014023
-2.171227,19,150.078533
-3.933521,18,150.147536
-1.774126,20,150.238734
-1.995542,19,150.298853
-0.824326,19,150.364954
-2.508645,22,150.442958
-2.536955,20,150.530463
-2.920108,23,150.635972
-3.563646,19,150.703482
-1.833457,21,150.777992
-3.357781,22,150.860505
-5.898069,20,150.927505
-2.936699,22,151.005014
-2.661873,18,151.066523
-2.072408,20,151.136523
-3.767599,20,151.207033
-2.737416,20,151.275359
-3.406694,17,151.336361
-2.99131,17,151.408872
-2.280874,20,151.480379
-5.033481,21,151.56289
-4.172197,21,151.637889
-1.268856,21,151.711399
-1.975662,19,151.783909
-6.165974,20,151.859477
-2.188367,22,151.941478
-0.929038,19,152.020057
-1.719569,19,152.087565
-2.264389,18,152.147568
-3.884724,21,152.221074
-3.637888,20,152.290584
-1.670084,19,152.360299
-3.973548,18,152.434895
-2.309204,20,152.514471
-3.353059,22,152.592979
-2.274262,20,152.658488
-4.426936,20,152.723488
-2.279589,19,152.784997
-5.65612,20,152.860506
-2.536824,20,152.965014
-1.721915,21,153.038014
-2.210273,20,153.111523
-2.479032,19,153.18503
-3.124135,20,153.262552
-1.219447,19,153.335548
-1.995902,20,153.427055
-2.354821,20,153.530564
-3.238896,16,153.618073
-2.204933,20,153.691582
-2.059972,20,153.771089
-2.636265,20,153.860606
-2.94017,22,153.944607
-1.757805,20,154.023116
-2.001664,15,154.103365
-3.445244,22,154.212875
-2.391309,21,154.296383
-2.850423,19,154.375401
-2.212098,19,154.469423
-4.39098,20,154.55203
-1.919572,18,154.652937
-5.309029,22,154.763906
-3.439388,20,154.865414
-1.796171,20,154.977458
-3.320097,24,155.100969
-2.647405,19,155.181478
-2.629814,20,155.257984
-4.515766,20,155.334988
-1.373322,19,155.410496
-2.10784,19,155.490005
-2.942286,20,155.571513
-2.564847,20,155.660536
-2.134901,20,155.734538
-2.178631,20,155.812052
-3.202885,21,155.898559
-2.177497,21,155.985724
-2.611047,16,157.477978
-2.278842,19,157.54398
-2.305005,19,157.615488
-1.774391,19,157.693998
-2.823458,20,157.795506
-3.801777,20,157.873015
-2.812951,22,157.962671
-2.280478,19,158.04262
-2.163907,19,158.10464
-2.625993,20,158.167148
-2.446836,20,158.238149
-5.127745,20,158.308657
-2.673168,20,158.379981
-2.399234,19,158.453984
-2.012829,20,158.52749
-1.92845,18,158.598856
-1.490743,21,158.689369
-2.715236,20,158.768388
-2.793035,19,158.836667
-2.444298,18,158.909136
-2.216523,19,158.98433
-3.478648,21,159.06584
-2.947999,19,159.14184
-2.945413,17,159.211349
-3.511427,19,159.295861
-1.033701,19,159.37937
-2.392322,22,159.46488
-3.283297,21,159.553883
-5.17556,20,159.633387
-2.37062,21,159.718589
-2.744585,19,159.797098
-2.043335,20,159.889608
-2.199798,21,160.012115
-0.814115,19,160.095627
-2.3069,21,160.190134
-1.689698,19,160.279641
-2.237671,20,160.367797
-2.341866,22,160.47831
-2.040078,19,160.565815
-0.82856,18,160.635815
-3.511355,21,160.72595
-1.08076,19,160.835346
-1.926845,20,160.959276
-4.97846,20,161.057459
-1.7251,19,161.147711
-6.07587,19,161.220216
-0.943016,15,161.280724
-3.100687,19,161.357727
-2.684564,19,161.434234
-2.211049,24,161.537434
-2.109482,18,161.610942
-4.294602,18,161.689451
-3.01441,19,161.772962
-2.104638,20,161.853966
-2.598051,21,161.937469
-1.718209,19,162.018981
-4.550603,19,162.09949
-1.34512,18,162.175003
-2.116208,22,162.271513
-4.360892,19,162.357515
-2.588375,20,162.468532
-4.812983,19,162.549535
-2.330935,19,162.630041
-1.282237,19,162.752554
-3.157788,21,162.87657
-2.761391,19,162.955572
-1.639369,19,163.024077
-1.947571,19,163.101587
-1.886812,17,163.173546
-1.836709,19,163.249761
-2.622848,20,163.358782
-1.593986,20,163.445293
-2.073292,22,163.539802
-2.678779,21,163.637309
-2.763326,19,163.742819
-1.528187,19,163.819328
-1.677745,20,163.926834
-1.479477,20,164.010344
-2.88355,18,164.115853
-2.767546,20,164.222041
-4.691702,20,164.307434
-1.641615,19,164.388946
-1.426647,22,164.477501
-2.315806,17,164.549462
-3.667114,21,164.632967
-1.408643,21,164.728478
-1.95126,19,164.851991
-6.072106,21,164.957559
-4.739851,18,165.045099
-1.628263,19,165.12861
-2.887544,20,165.217119
-3.931838,21,165.309584
-2.184538,23,165.416207
-2.376785,19,165.494719
-1.949314,20,165.579227
-1.688437,18,165.654229
-1.989462,21,165.771245
-2.488298,19,165.890755
-2.942036,22,165.991266
-1.829623,20,166.072777
-2.049502,20,166.156779
-4.427054,19,166.239287
-2.887344,18,166.318795
-0.833666,19,166.404311
-2.113204,21,199.109878
-2.108266,22,199.207388
-2.832668,18,199.2899
-4.798213,20,199.375416
-1.202997,19,199.460419
-2.431804,20,199.552922
-4.315692,19,199.634429
-1.308658,19,199.715937
-2.099541,21,199.820055
-2.546384,20,199.923645
-1.149936,22,200.019256
-2.605373,19,200.114818
-1.437133,20,200.20133
-2.139571,19,200.28284
-5.582051,19,200.383351
-2.657017,19,200.465354
-1.205578,20,200.55186
-3.779116,21,200.657375
-1.653126,20,200.737882
-3.218451,21,200.828961
-1.202095,19,200.917518
-1.63031,19,200.998028
-2.020572,21,201.093537
-5.074178,18,201.181051
-1.089311,18,201.270557
-1.933983,20,201.354561
-2.698466,19,201.437076
-5.086078,19,201.527585
-2.868637,23,201.631152
-5.770837,21,201.725319
-3.114118,19,201.811833
-2.295955,21,201.901813
-0.769548,19,201.977658
-1.875847,19,202.059224
-1.301178,20,202.143731
-1.794038,20,202.227747
-4.419463,20,202.316256
-2.318808,20,202.406767
-2.103551,18,202.487277
-1.994286,18,202.562283
-2.394355,17,202.638793
-1.907118,19,202.719303
-2.240037,21,202.807813
-1.268339,18,202.884325
-1.270504,19,202.969326
-2.824927,20,203.057834
-2.212072,20,203.14288
-1.763437,21,203.23839
-3.512857,19,203.318906
-2.226206,21,203.412418
-2.27979,21,203.510927
-1.21384,19,203.596436
-2.358958,22,203.683946
-2.032835,20,203.76595
-2.035248,20,203.850052
-2.354719,20,203.940564
-1.533399,18,204.024073
-1.508171,20,204.121009
-1.1839,18,204.204682
-2.386741,19,204.289191
-2.201046,19,204.377704
-1.714255,21,204.475209
-1.30097,20,204.562214
-3.112293,18,204.641721
-2.673252,18,204.720232
-3.841017,18,204.802745
-2.109338,20,204.898255
-2.052723,19,204.985767
-3.968216,21,205.103282
-6.285653,15,205.166282
-3.527638,19,205.246795
-1.698817,20,205.335305
-1.557084,21,205.440815
-1.730344,20,205.532326
-6.922629,19,205.614838
-2.410183,20,205.706351
-2.960578,19,205.798862
-1.044117,19,205.882371
-5.370581,19,205.964374
-1.956936,20,206.05488
-1.772636,22,206.154389
-2.650704,22,206.259391
-2.16037,18,206.343068
-1.48794,19,206.427578
-1.250623,19,206.514135
-1.986721,20,206.602644
-4.321835,19,206.692153
-2.445076,22,206.795671
-1.054871,20,206.883177
-2.632689,19,206.965179
-1.531971,19,207.050686
-0.880713,19,207.136193
-1.477807,19,207.222704
-1.130244,19,207.305212
-2.607414,20,207.398722
-2.669596,21,207.485236
-1.862402,18,207.557239
-2.012092,21,207.646746
-2.838847,19,207.735265
-2.897601,19,207.815775
-2.483597,21,207.907284
-2.722574,18,207.989792
-2.0344,20,208.085303
-1.778804,18,208.165303
-2.655649,19,209.59778
-6.675391,21,209.690287
-1.712395,21,209.778798
-2.169024,19,209.853797
-1.270982,20,209.929306
-6.347462,19,210.017823
-1.756369,19,210.094331
-2.006664,20,210.173841
-2.083364,19,210.247841
-3.185205,19,210.324349
-3.329792,21,210.409858
-1.445587,20,210.493369
-4.89253,20,210.575537
-1.26552,19,210.650672
-2.602037,18,210.72169
-1.133614,18,210.792201
-4.20893,18,210.867201
-2.350844,19,210.950709
-2.322368,20,211.04322
-1.593304,19,211.125729
-2.500466,18,211.20224
-1.493622,22,211.302746
-2.751943,20,211.395254
-2.09765,20,211.489766
-4.010213,21,211.58728
-2.23286,18,211.663282
-3.184893,17,211.738787
-1.911289,20,211.827297
-2.15552,19,211.909808
-7.411852,16,211.983315
-2.595414,19,212.071316
-1.789769,18,212.158827
-2.341821,20,212.246334
-1.271881,19,212.327842
-3.071541,20,212.416356
-1.147408,20,212.504861
-3.372082,19,212.599371
-2.540316,20,212.69163
-2.31305,20,212.792008
-1.774806,19,212.870023
-2.467182,22,212.963537
-2.166241,19,213.048045
-4.777342,21,213.144553
-1.398494,19,213.231064
-1.385854,21,213.328573
-2.857202,18,213.416084
-2.683367,20,213.516598
-2.71074,19,213.617107
-2.292322,21,213.71362
-2.032461,21,213.806131
-3.652938,23,213.919639
-2.469467,20,214.02315
-2.20394,20,214.117661
-2.922927,21,214.21817
-3.676061,21,214.342687
-2.018077,19,214.431195
-6.380221,20,214.520703
-3.209875,21,214.619215
-1.72471,19,214.710733
-1.46589,19,214.797245
-3.80403,20,214.906369
-1.148727,20,214.998028
-2.094479,19,215.082536
-2.002193,22,215.190044
-4.466005,19,215.280552
-3.460284,19,215.366555
-2.376272,18,215.456062
-2.035434,20,215.55257
-2.390586,19,215.651082
-2.140369,19,215.736692
-3.677527,22,215.846201
-2.146806,19,215.937761
-3.876918,18,216.02622
-3.66043,18,216.10774
-2.025654,20,216.198256
-3.263039,20,216.297761
-0.746963,19,216.39127
-4.226865,18,216.471272
-1.520008,19,216.564787
-1.8867,21,216.662305
-1.839174,20,216.764821
-1.635664,20,216.854327
-1.526205,20,216.944833
-1.378071,18,217.039004
-1.409922,21,217.16375
-2.130107,21,217.283764
-2.403755,19,217.375273
-4.894893,17,217.457272
-1.327698,20,217.571788
-2.889779,20,217.672303
-1.915517,21,217.795318
-3.164545,18,217.87032
-2.569582,20,217.961837
-2.045571,19,218.060351
-2.151589,19,218.184368
-3.180592,21,218.289882
-3.061415,19,218.396394
-8.15016,22,218.506948
-2.345607,19,218.592407
-1.901908,19,218.684917
-2.691192,23,218.805429
-1.949917,22,218.910938
-2.904857,20,219.029456
-1.698432,21,219.135976
-4.901735,23,221.117221
-2.522583,19,221.197747
-2.341737,21,221.297321
-2.438736,21,221.383193
-5.23272,20,221.459209
-2.352549,20,221.540715
-1.761841,19,221.626231
-1.892318,19,221.704739
-3.682935,19,221.781249
-2.620899,20,221.881756
-2.692698,21,221.985313
-0.629157,20,222.102821
-2.143859,21,222.207328
-1.748516,19,222.306835
-2.680865,20,222.402356
-2.788314,17,222.487879
-1.582464,19,222.585457
-3.009256,19,222.695963
-3.075942,20,222.804479
-3.005528,22,222.922981
-3.218424,19,223.024491
-0.888587,20,223.115009
-2.091384,21,223.221513
-2.19704,18,223.309019
-1.545501,19,223.404585
-4.727062,16,223.486008
-2.284103,19,223.590291
-3.202056,20,223.699823
-2.68972,17,223.795328
-1.586817,19,223.880836
-2.26014,20,223.970838
-1.645426,20,224.064348
-2.383578,20,224.153854
-2.618834,24,224.272366
-1.967328,21,224.370877
-2.379915,21,224.475908
-1.114756,19,224.566907
-2.449559,21,224.671416
-2.156056,18,224.751924
-2.804284,20,224.852433
-1.417213,19,224.942959
-3.729499,16,225.02854
-3.776192,20,225.12604
-3.831679,21,225.226551
-3.861042,19,225.319059
-1.493695,20,225.423568
-2.026263,20,225.517087
-1.801425,20,225.6187
-1.461894,17,225.696566
-1.992093,18,225.787089
-2.42029,20,225.886604
-1.440797,20,225.988128
-1.191124,18,226.072128
-4.114998,20,226.186154
-2.404277,20,226.281704
-6.265779,19,226.372708
-3.188551,20,226.468222
-2.76454,20,226.577291
-1.184412,19,226.673292
-1.966128,21,226.78131
-2.017554,19,226.870311
-1.720292,22,226.97082
-2.611653,19,227.076836
-2.161606,19,227.161838
-1.653726,20,227.260347
-0.953278,19,227.356852
-2.589367,19,227.461365
-3.479005,19,227.545871
-1.196037,17,227.623382
-2.60685,24,227.740891
-1.250944,18,227.830099
-1.654749,20,227.932207
-1.713479,19,228.027782
-2.529822,20,228.128292
-4.419629,17,228.205863
-1.933591,18,228.290316
-1.532981,18,228.385826
-2.837472,18,228.476341
-1.910222,20,228.574843
-2.348517,20,228.688356
-2.034666,20,228.789865
-3.336411,23,228.906376
-4.59589,21,229.01089
-2.881518,22,229.112395
-2.499601,22,229.222905
-2.44332,19,229.318413
-3.007519,20,229.411929
-1.298876,21,229.512444
-1.413214,19,229.616954
-2.589778,19,229.706466
-2.210827,19,229.805976
-1.211674,19,229.898509
-2.607989,21,229.995135
-2.166082,20,230.086215
-1.954865,20,230.181723
-1.799253,20,230.287233
-2.695611,20,230.387794
-1.697705,20,230.491308
-0.962669,17,230.57131
-1.990243,19,230.670819
-1.784395,20,230.773326
-4.458125,20,230.872837
-3.354649,21,230.974849
-0.949275,19,231.070857
-1.036169,19,267.995347
-1.223521,20,268.106855
-1.480211,18,268.193364
-2.355932,20,268.304479
-2.215492,20,268.401505
-2.249916,18,268.50302
-0.980156,18,268.597526
-1.230257,20,268.699343
-1.245395,18,268.7854
-2.407698,19,268.886938
-1.713414,21,268.992638
-1.009463,18,269.086639
-0.835248,19,269.175691
-1.439192,20,269.271197
-1.450018,20,269.373706
-5.347203,17,269.465218
-2.028482,19,269.561727
-1.575144,19,269.658237
-1.977449,19,269.746746
-1.20596,20,269.837811
-5.808621,21,269.94232
-6.22516,19,270.050828
-3.800059,20,270.157902
-1.485751,18,270.263415
-2.437456,15,270.33492
-1.11775,19,270.419976
-3.533889,19,270.501185
-2.429235,20,270.598278
-4.404561,17,270.684279
-2.378681,15,270.766296
-0.786,21,270.881613
-1.553307,19,270.979243
-4.216759,20,271.083929
-3.660371,22,271.183439
-1.353381,15,271.259943
-1.234039,19,271.351452
-2.571267,20,271.450963
-1.234436,19,271.550474
-1.631115,20,271.671985
-1.214841,19,271.790494
-1.747992,20,271.912656
-1.485238,19,272.014747
-1.073818,19,272.116801
-2.476567,19,272.225935
-2.76244,18,272.319021
-1.153731,18,272.413067
-2.349867,18,272.512578
-1.86473,21,272.612088
-3.712156,20,272.727111
-1.327057,21,272.844265
-1.727289,23,272.954773
-1.591289,18,273.047715
-2.943761,22,273.152227
-3.643399,20,273.247272
-1.765231,19,273.358541
-0.75678,17,273.466051
-3.654082,19,273.566559
-1.123286,18,273.662635
-1.842561,20,273.77369
-2.938393,19,273.874027
-1.349642,19,273.968081
-6.278156,17,274.051589
-1.6954,21,274.151105
-1.767721,19,274.240613
-2.475944,19,274.347177
-2.076495,20,274.45964
-4.511399,22,274.596334
-3.7471,20,274.688338
-1.786177,18,274.772843
-1.905816,20,274.871351
-1.759152,20,274.969436
-2.719158,21,275.079953
-3.324001,19,275.192248
-2.063973,19,275.29016
-2.221754,19,275.405189
-1.194071,18,275.492698
-1.789823,19,275.59321
-2.475369,21,275.698727
-3.243115,18,275.784728
-6.664168,21,275.895787
-1.497989,19,275.998296
-1.82512,19,276.092803
-1.738596,19,276.189809
-1.235052,19,276.292715
-1.43563,18,276.38172
-2.091221,19,276.472741
-0.799327,18,276.569253
-1.865985,21,276.690763
-2.070773,21,276.804787
-1.576626,18,276.896855
-0.699312,19,276.99086
-1.673321,19,277.093877
-0.933558,18,277.201897
-1.188531,19,277.301928
-3.045258,20,277.414609
-1.169283,21,277.539747
-1.456142,22,277.65626
-2.490736,20,277.764773
-1.624021,19,277.862159
-5.219883,20,277.977667
-3.734692,21,278.08276
-2.421226,19,278.18327
-1.221918,19,278.281778
-1.747471,20,278.3998
-1.72413,20,278.50631
-4.215832,20,278.605818
-1.326114,17,280.072565
-1.041775,20,280.172596
-1.932866,18,280.255696
-2.493274,24,280.365034
-1.389689,19,280.453055
-1.114546,21,280.552565
-2.189768,19,280.640074
-2.322452,18,280.750147
-3.724749,21,280.844165
-1.271045,19,280.937226
-3.996006,19,281.030372
-1.238347,20,281.125883
-1.354122,19,281.221393
-5.593623,21,281.337907
-4.330502,19,281.434416
-1.209858,18,281.520487
-0.97213,19,281.623575
-1.504924,20,281.72252
-2.230948,19,281.839606
-2.543344,20,281.939113
-1.681124,19,282.031621
-4.251327,20,282.135828
-3.539762,19,282.237113
-3.868422,15,282.318254
-1.588505,19,282.415767
-2.425234,19,282.523279
-2.455846,19,282.611322
-2.174861,19,282.707469
-4.321796,20,282.817753
-2.877223,22,282.937268
-1.109043,18,283.031774
-1.296362,20,283.150285
-1.707421,19,283.259794
-1.825058,19,283.362305
-1.222903,21,283.48282
-2.985529,20,283.582185
-1.099083,19,283.696198
-1.956713,21,283.80728
-3.23825,20,283.917982
-1.682366,19,284.026001
-4.029994,20,284.127242
-4.605984,19,284.24046
-2.582818,20,284.340968
-1.680267,19,284.437479
-2.561582,19,284.536988
-0.699875,19,284.631496
-2.533881,19,284.728558
-2.905006,22,284.838599
-2.820779,18,284.931791
-5.160251,22,285.037812
-1.165539,19,285.13703
-0.895698,19,285.232089
-1.771009,20,285.332344
-2.366029,19,285.431855
-3.404654,20,285.550367
-0.922989,19,285.652558
-1.569345,21,285.761068
-3.864297,19,285.864577
-5.961446,21,285.975853
-1.016951,24,286.102926
-2.258963,20,286.214229
-1.457054,21,286.329739
-0.847511,20,286.440248
-1.236276,18,286.53576
-1.080228,20,286.659271
-3.384025,20,286.761631
-1.32029,20,286.868139
-5.170708,21,286.975443
-2.117621,21,287.078522
-3.596371,19,287.184036
-1.815113,20,287.306563
-2.151212,20,287.401071
-3.132362,20,287.498576
-3.616177,21,287.613088
-4.752443,17,287.707595
-2.350276,20,287.81278
-1.216273,20,287.938005
-2.153584,16,288.037073
-1.886551,20,288.137609
-5.496935,19,288.238892
-2.456951,21,288.349399
-1.657092,16,288.428907
-4.400984,21,288.541992
-2.025191,19,288.641061
-1.910641,20,288.751085
-3.324765,18,288.858228
-1.093951,19,288.965739
-1.785934,18,289.064247
-0.882735,19,289.177535
-1.634919,21,289.290052
-3.428386,21,289.400063
-1.771427,19,289.508624
-2.586541,20,289.627137
-1.560913,19,289.751657
-1.766001,19,289.856163
-2.114399,20,289.967675
-1.835401,20,290.078
-3.674627,18,290.189512
-1.919569,19,290.302274
-2.644526,21,290.405458
-1.83398,19,290.505972
-5.887514,18,290.603481
-3.71695,20,290.704993
-1.239366,19,290.816501
-2.374875,20,290.93455
-4.637755,21,292.402787
-2.311402,19,292.497632
-1.739737,19,292.594186
-3.389505,19,292.690656
-2.262502,19,292.794167
-1.384488,18,292.897683
-1.931312,20,293.000198
-2.433221,18,293.092707
-2.925082,18,293.179213
-5.349863,21,293.313758
-1.763438,20,293.417262
-2.942985,21,293.527389
-3.91004,20,293.621897
-1.999236,20,293.73841
-1.78298,19,293.83948
-2.272703,20,293.951989
-2.71284,19,294.056504
-2.277173,20,294.175774
-1.913885,22,294.305865
-1.347502,19,294.421373
-1.042575,19,294.536882
-2.178077,19,294.653598
-0.950403,19,294.773647
-1.899284,19,294.887154
-2.502504,19,294.994184
-4.034511,19,295.088216
-1.89597,21,295.187264
-0.87001,19,295.281285
-2.104753,19,295.380797
-1.509521,20,295.50735
-1.339142,19,295.605575
-1.561404,19,295.721889
-1.382465,19,295.836958
-2.383319,19,295.945467
-4.561931,20,296.045981
-1.993959,19,296.160224
-3.331543,20,296.262734
-4.448847,20,296.388246
-4.421702,19,296.490578
-1.645851,18,296.587084
-1.425869,20,296.715551
-2.117037,20,296.828081
-2.793832,20,296.94218
-5.334769,19,297.054687
-3.258644,21,297.173197
-2.318056,20,297.286707
-2.250744,20,297.39522
-4.813809,19,297.528244
-6.777404,18,297.62875
-3.009081,20,297.736787
-2.065066,19,297.837808
-1.582058,19,297.946317
-0.949235,18,298.057832
-6.231315,20,298.16534
-1.497421,19,298.268846
-4.550784,20,298.38836
-2.130186,18,298.496877
-2.822361,21,298.612896
-1.423877,19,298.712403
-6.976945,21,298.816913
-0.99516,19,298.923537
-1.383642,20,299.03128
-1.682987,19,299.140314
-1.484858,18,299.249824
-1.998927,21,299.378335
-2.967677,21,299.502417
-3.969267,19,299.616436
-1.908468,18,299.716946
-3.452095,18,299.811454
-4.169904,18,299.914483
-1.046544,18,300.008999
-1.749656,20,300.115506
-2.178381,19,300.213747
-2.253663,20,300.316895
-2.081063,19,300.417404
-1.899431,21,300.528916
-3.277477,21,300.648432
-1.789316,21,300.757942
-2.835375,20,300.860453
-1.661634,20,300.97296
-2.049857,20,301.084468
-1.523517,19,301.20317
-4.149761,19,301.298678
-1.188836,19,301.403186
-1.693323,20,301.5192
-1.374001,18,301.624711
-1.635883,19,301.749222
-1.677479,19,301.870516
-3.087681,21,301.980538
-2.009874,19,302.081637
-2.463766,20,302.202151
-1.580957,19,302.304658
-2.064417,20,302.413675
-4.333459,17,302.50878
-4.153096,19,302.618288
-3.837073,18,302.716795
-0.859434,19,302.814861
-1.499039,20,302.925372
-2.439689,20,303.047887
-2.194021,19,303.147974
-1.59022,19,303.252658
-0.966189,19,303.366779
-1.818668,19,303.470285
-6.166693,20,303.612821
-1.83507,19,303.704823
-1.941333,19,345.14709
-3.537911,19,345.253607
-1.630543,19,345.355113
-1.536933,19,345.473623
-3.706497,20,345.59313
-1.465207,19,345.694641
-5.114702,19,345.800151
-2.869801,20,345.929173
-2.169155,18,346.054304
-0.91518,19,346.169822
-1.39408,15,346.257933
-1.081976,17,346.357039
-1.707398,20,346.493687
-2.975516,19,346.598748
-4.678868,20,346.709263
-1.750254,21,346.832281
-3.873526,19,346.953792
-0.997126,18,347.059303
-1.606157,20,347.17081
-1.724652,19,347.273833
-4.345677,18,347.374342
-1.328828,19,347.483853
-0.576355,19,347.590365
-0.692604,15,347.686874
-1.910381,19,347.815388
-1.522224,20,347.929404
-1.549235,17,348.023961
-0.626833,19,348.129477
-5.45908,18,348.228983
-1.02007,19,348.344495
-3.577297,19,348.461911
-1.877619,19,348.576155
-0.952616,18,348.677225
-2.917709,19,348.786252
-1.4242,19,348.895415
-0.973066,17,349.007927
-1.054154,20,349.120436
-2.150296,19,349.221458
-2.824063,18,349.317715
-0.66507,18,349.414857
-2.407363,18,349.525875
-2.671183,18,349.627949
-1.225507,19,349.734161
-0.978109,20,349.861559
-1.13457,20,349.991068
-1.073065,19,350.111584
-4.260286,20,350.225596
-1.159117,19,350.329759
-1.407621,21,350.457957
-3.79782,19,350.575816
-0.732866,19,350.699632
-1.612342,21,350.818146
-1.911197,19,350.928159
-3.926091,19,351.041668
-1.30537,21,351.154176
-3.978509,20,351.295228
-2.089869,20,351.397272
-1.044843,20,351.503343
-1.809511,21,351.627956
-1.698813,20,351.738465
-1.029401,20,351.874498
-0.648659,18,351.982988
-1.694514,20,352.093494
-3.870976,19,352.210517
-0.791833,20,352.318029
-1.762091,19,352.422538
-1.274929,18,352.534949
-1.416379,19,352.644059
-1.073849,18,352.740339
-1.139763,19,352.850402
-1.123759,20,352.959911
-0.796659,19,353.07142
-1.174614,19,353.20393
-1.670628,19,353.30944
-1.942153,20,353.422952
-0.959928,19,353.543606
-1.865502,19,353.660115
-1.513972,19,353.795626
-1.599635,20,353.897648
-1.644756,19,354.007704
-1.937289,20,354.123798
-1.38979,18,354.235813
-1.117224,20,354.354149
-1.133235,20,354.466658
-2.17842,20,354.574169
-3.498239,20,354.691193
-0.870303,20,354.805503
-2.410778,18,354.920386
-1.72707,20,355.041935
-4.578182,17,355.140445
-1.142676,19,355.245954
-2.377781,20,355.380465
-2.507597,18,355.481871
-1.426771,19,355.608385
-1.02484,19,355.726895
-2.582032,20,355.83391
-0.607919,20,355.953145
-1.176408,19,356.060656
-1.515418,19,356.176163
-1.088048,18,356.272183
-1.252408,19,356.370694
-3.094754,19,356.472204
-5.929663,18,356.596364
-1.704074,20,356.709693
-1.948849,20,356.831281
-0.74793,20,356.94279
-1.634961,18,357.041234
-1.214728,19,358.576173
-1.227508,20,358.675678
-2.651721,16,358.766732
-2.736355,19,358.874241
-1.231537,19,358.975749
-1.851987,19,359.072821
-2.285966,19,359.181236
-1.518174,19,359.282215
-0.900758,20,359.384756
-2.647558,19,359.485268
-1.955643,20,359.591569
-1.353922,19,359.691082
-1.600991,20,359.8146
-3.432436,21,359.945619
-2.67999,20,360.07813
-2.207389,19,360.197641
-1.635772,20,360.322659
-5.99095,19,360.433672
-1.770152,17,360.528677
-1.160671,20,360.643379
-1.679564,19,360.752889
-3.100475,20,360.893395
-1.399946,19,361.002904
-1.317156,21,361.112929
-1.086504,18,361.225442
-1.922689,19,361.339458
-1.705973,19,361.459386
-1.401001,20,361.595509
-1.507438,20,361.71302
-1.416054,19,361.817532
-1.943391,16,361.909038
-1.189161,19,362.020551
-2.10747,21,362.141496
-6.889061,22,362.265006
-3.035793,21,362.384118
-2.896281,19,362.488281
-2.73676,19,362.594547
-2.320441,19,362.70106
-0.846756,19,362.813571
-1.575088,19,362.913812
-2.894021,21,363.028842
-0.741373,19,363.134371
-0.925875,18,363.231375
-1.668686,20,363.344392
-1.087426,20,363.457896
-1.464296,20,363.573316
-1.397932,17,363.669962
-4.813671,19,363.774064
-1.255857,19,363.875574
-1.636993,20,363.983084
-1.40538,20,364.095597
-3.792061,19,364.202104
-1.662329,19,364.305126
-1.900522,21,364.419401
-3.399421,20,364.524427
-1.07516,20,364.640443
-0.91839,19,364.749463
-1.193891,19,364.863972
-2.320881,21,364.981484
-2.459568,20,365.089994
-1.442936,19,365.201506
-1.793845,20,365.312609
-4.056831,20,365.419053
-2.112605,21,365.534069
-1.422436,20,365.644581
-2.302266,19,365.750094
-2.875253,19,365.865615
-1.186457,20,365.989126
-1.58789,20,366.114636
-1.092356,19,366.233652
-0.990834,19,366.344822
-4.815716,18,366.453336
-1.222075,20,366.573843
-1.800238,20,366.684011
-2.679587,20,366.794527
-1.016641,20,366.906033
-2.808839,18,367.022552
-5.143184,20,367.13106
-1.350026,19,367.234588
-3.053177,18,367.339101
-0.657844,19,367.448565
-1.809852,20,367.56108
-2.426461,19,367.66719
-2.288463,21,367.782312
-4.342367,19,367.907664
-1.001843,19,368.01319
-1.707606,19,368.117699
-2.19029,20,368.234776
-1.914063,20,368.358904
-0.790308,20,368.480051
-1.086054,20,368.591563
-2.046607,20,368.70507
-5.758299,19,368.813581
-3.805867,21,368.927094
-3.274915,19,369.032606
-1.26979,19,369.139623
-0.935023,18,369.27513
-4.953644,20,369.393641
-2.320271,20,369.506148
-0.522086,18,369.619334
-1.518157,19,369.730849
-2.647137,21,369.879867
-1.807147,19,369.991482
-0.693676,19,370.099735
-3.569223,19,370.219798
-2.717098,20,371.791628
-1.736286,19,371.893138
-2.435354,20,372.000646
-1.088266,19,372.106981
-1.221423,18,372.208449
-1.243938,19,372.303022
-0.997585,20,372.40653
-0.731682,19,372.512041
-1.347081,19,372.626551
-3.48765,20,372.744109
-2.1072,21,372.857617
-1.784245,19,372.966686
-3.141079,21,373.088196
-1.580175,20,373.195709
-1.124963,20,373.30622
-1.416191,19,373.428732
-3.69376,20,373.544393
-1.058044,19,373.652901
-1.356684,19,373.764412
-0.974043,19,373.879922
-4.879225,19,373.994938
-3.488876,17,374.087953
-1.133565,19,374.196054
-1.888573,20,374.324004
-1.11421,18,374.42615
-1.632735,18,374.53724
-2.903998,18,374.646228
-0.977635,19,374.76575
-1.414405,17,374.863258
-1.293542,20,374.98437
-3.302475,20,375.106337
-0.75794,18,375.229394
-1.048896,16,375.324415
-2.287858,18,375.434926
-1.557753,19,375.553632
-1.443352,19,375.668144
-1.27818,19,375.78665
-4.725862,19,375.905759
-0.811957,19,376.033274
-1.321986,20,376.164287
-2.240551,22,376.310796
-2.188524,20,376.430121
-2.113559,20,376.566903
-1.841225,20,376.690411
-3.138225,19,376.809927
-1.969068,20,376.933127
-2.470639,20,377.055719
-1.108651,20,377.17323
-1.183691,20,377.293743
-1.06036,20,377.431254
-0.795309,18,377.544281
-1.799578,19,377.674616
-1.777134,20,377.798125
-1.592025,18,377.91622
-1.476496,19,378.030736
-1.088842,20,378.160343
-1.386899,19,378.269854
-1.485428,19,378.391363
-1.29347,19,378.515511
-1.066584,19,378.634973
-0.958692,20,378.752518
-3.769839,19,378.881618
-4.604957,20,379.00613
-2.14577,19,379.121638
-6.140976,19,379.260273
-1.187296,19,379.38978
-1.537896,19,379.49629
-1.127705,18,379.600798
-2.106012,19,379.709309
-1.886204,21,379.835819
-2.937325,18,379.95935
-0.572209,19,380.062856
-3.993965,21,380.193368
-1.340632,20,380.314876
-4.440519,21,380.439528
-1.176636,19,380.576038
-4.715271,18,380.698173
-1.417205,19,380.813696
-0.848324,19,380.922988
-1.67273,19,381.041012
-1.18553,19,381.154523
-4.449608,19,381.266032
-5.759433,17,381.36554
-2.912544,18,381.466657
-0.831542,19,381.580169
-1.610932,20,381.712676
-1.484743,20,381.853307
-2.354333,19,381.978817
-0.648783,20,382.100882
-2.222934,17,382.206391
-2.044431,20,382.34041
-2.102057,20,382.455919
-1.404999,18,382.557431
-1.041161,20,382.669939
-4.243712,19,382.780992
-2.361035,20,382.901603
-1.591434,19,383.016889
-0.949183,19,383.124399
-1.699904,20,383.236447
-0.889252,20,383.354796
-0.628844,19,383.475311
-3.841651,21,383.60183
-0.865543,19,383.723972
-0.89629,19,383.844225
-1.211504,20,383.975734
-2.953396,20,384.107245
-1.284442,20,384.219754
-1.84673,20,430.291381
-1.201664,20,430.444985
-0.587875,19,430.574644
-2.010873,15,430.677167
-1.439866,19,430.785674
-0.779462,19,430.901183
-1.036892,18,431.013694
-6.691885,21,431.172715
-2.925258,19,431.303179
-1.498997,19,431.420688
-0.968562,20,431.542201
-1.288263,20,431.674733
-1.096818,20,431.785757
-0.763379,20,431.901834
-3.226531,21,432.029256
-1.215335,19,432.144769
-0.797776,18,432.26648
-0.697586,20,432.401977
-0.766555,20,432.519575
-3.070523,19,432.638083
-1.570131,17,432.748303
-1.044277,19,432.869398
-4.107538,21,432.988908
-8.965575,15,433.077417
-0.967905,20,433.197816
-0.989622,20,433.323327
-0.566392,19,433.439591
-1.07648,19,433.547103
-2.325648,20,433.666116
-1.686316,20,433.788627
-0.371521,18,433.88979
-1.946413,19,434.039943
-1.403906,18,434.143453
-0.865692,20,434.266476
-0.922975,18,434.373985
-0.916799,18,434.487493
-1.240777,21,434.614908
-2.121687,18,434.719674
-0.833186,20,434.836181
-1.057615,20,434.951695
-1.582624,19,435.061713
-0.597155,20,435.188822
-2.82881,20,435.300326
-1.851996,21,435.424715
-1.862617,18,435.529086
-2.466433,19,435.637125
-1.036866,20,435.751165
-1.884198,20,435.877182
-0.801569,19,436.01569
-3.513058,19,436.136199
-1.257034,20,436.262217
-3.188431,18,436.370726
-1.421604,20,436.497241
-4.220012,20,436.621751
-2.634032,20,436.744465
-6.102921,20,436.873196
-0.533116,18,436.995707
-0.756822,19,437.117809
-2.846233,20,437.246323
-0.777592,20,437.367345
-1.032415,21,437.494854
-0.982423,19,437.610366
-1.306926,20,437.739876
-0.776198,20,437.869894
-1.300693,18,437.976404
-1.847554,20,438.093915
-2.049878,19,438.213428
-1.426435,20,438.354939
-3.154932,20,438.491479
-1.711671,21,438.616991
-4.066784,19,438.731503
-1.232365,19,438.85501
-0.717529,19,438.972834
-1.287497,20,439.096408
-0.91152,18,439.207917
-3.636542,20,439.334429
-1.376036,19,439.469454
-1.589426,20,439.592962
-3.486045,19,439.704471
-1.683343,18,439.816496
-1.109663,19,439.935011
-1.276088,18,440.053528
-1.947421,20,440.191543
-0.695084,19,440.338593
-1.030566,20,440.466618
-0.724199,19,440.577134
-1.00396,19,440.701642
-1.208053,19,440.856158
-1.266721,20,440.985177
-3.294812,20,441.101619
-2.578813,17,441.204237
-3.711006,19,441.317745
-2.384269,19,441.446777
-2.099804,18,441.564425
-3.71046,21,441.707934
-0.636825,20,441.834143
-2.234911,18,441.942258
-1.448794,20,442.076284
-0.827313,19,442.199795
-3.995339,19,442.320307
-1.062366,21,442.453822
-0.797231,20,442.580841
-1.711733,21,442.718351
-2.586979,15,442.841484
-1.292074,18,442.958003
-1.97324,20,443.111554
-0.683225,20,444.646715
-2.630594,17,444.748226
-1.00159,19,444.856736
-1.416751,19,444.996753
-1.63145,22,445.134261
-1.010662,19,445.261774
-1.401004,19,445.380661
-0.935845,21,445.507355
-0.463197,18,445.63237
-1.669344,19,445.741885
-1.508349,21,445.864904
-1.406376,19,445.979414
-1.138526,19,446.094928
-1.201263,19,446.214435
-1.101625,19,446.341663
-1.177559,19,446.468706
-0.845032,21,446.608903
-1.187376,20,446.748417
-3.558718,19,446.865957
-1.040451,20,446.990024
-0.671731,17,447.098045
-1.39371,19,447.221558
-0.515856,19,447.345066
-1.302444,19,447.468873
-0.848172,19,447.595348
-1.3628,20,447.720278
-0.567264,20,447.854797
-5.805526,20,447.975817
-2.074748,20,448.100329
-1.477124,18,448.215839
-1.120049,20,448.344354
-7.609148,19,448.461868
-3.689116,18,448.581886
-2.016324,19,448.711391
-1.956641,20,448.8359
-0.682174,19,448.969928
-0.693193,20,449.117444
-1.374538,19,449.239954
-0.902985,19,449.36898
-1.03623,18,449.507494
-1.09221,20,449.637919
-1.379628,20,449.757905
-1.195317,18,449.864923
-3.079251,20,450.025452
-0.521906,17,450.129959
-0.951151,21,450.27598
-2.447701,18,450.401497
-0.627209,20,450.522008
-1.113246,21,450.668033
-2.171839,18,450.796545
-3.679332,19,450.928057
-0.94151,19,451.049569
-1.589797,20,451.211601
-0.64042,19,451.346126
-1.359946,20,451.481149
-1.053705,18,451.608658
-0.732025,19,451.73717
-2.026216,17,451.855539
-3.208116,17,451.965801
-2.30564,19,452.08782
-1.588446,19,452.208332
-0.481891,19,452.370363
-1.544309,19,452.494873
-2.915851,19,452.637382
-2.292485,19,452.781401
-1.066256,19,452.939936
-1.891166,19,453.068961
-1.340381,20,453.207469
-1.145437,19,453.331979
-1.21207,21,453.47102
-1.439576,18,453.579532
-1.799036,21,453.698041
-0.76587,20,453.839553
-0.592118,18,453.960421
-1.304042,18,454.079598
-1.0252,19,454.212108
-1.492276,19,454.342617
-1.052894,19,454.460128
-1.123222,19,454.578148
-4.128814,19,454.707661
-1.501903,19,454.835181
-1.447098,20,454.960711
-2.039802,20,455.092739
-2.590415,20,455.229256
-1.319789,20,455.394284
-0.859892,19,455.519798
-0.81249,19,455.643305
-1.12618,20,455.768324
-3.031777,18,455.893836
-2.51037,19,456.012351
-0.779572,20,456.130931
-2.960056,19,456.247603
-0.993903,19,456.365116
-1.108096,20,456.495145
-1.626189,19,456.640657
-1.184941,19,456.761179
-0.987726,21,456.891208
-0.759589,19,457.018715
-0.804099,19,457.138227
-0.909913,20,457.303252
-1.431144,18,457.423763
-1.714171,19,457.543282
-1.536088,20,457.675305
-0.993384,20,457.836818
-1.535253,19,457.968838
-0.638986,19,458.104352
-1.597987,19,459.652094
-2.219972,20,459.777131
-0.810827,19,459.897642
-0.734695,19,460.015153
-0.921666,19,460.130664
-0.898098,19,460.247177
-1.507683,19,460.368672
-1.631943,20,460.496677
-0.900031,20,460.618708
-1.497681,21,460.754232
-0.645171,17,460.854743
-1.211688,19,460.986762
-1.474854,20,461.118276
-2.74025,18,461.228784
-4.432134,19,461.348293
-0.974494,19,461.463804
-5.313687,20,461.631824
-0.979373,20,461.771851
-1.209164,19,461.915415
-1.147932,20,462.039924
-1.321507,20,462.197952
-4.749625,20,462.349455
-0.342226,20,462.491481
-1.836214,19,462.614415
-1.336653,19,462.759166
-0.699456,19,462.904194
-1.488017,18,463.030708
-0.655943,19,463.149219
-1.882512,19,463.29424
-2.336675,18,463.425747
-0.903502,20,463.552262
-2.149542,19,463.669283
-0.347533,17,463.789796
-1.043424,19,463.957314
-1.263267,18,464.066821
-0.741306,21,464.183841
-2.66053,21,464.310354
-1.663762,20,464.434874
-4.768063,19,464.560387
-1.143302,19,464.682398
-0.645789,20,464.808745
-1.153523,20,464.938769
-1.889951,19,465.066291
-0.876204,20,465.192307
-1.294896,19,465.311818
-0.964146,19,465.434327
-0.803018,20,465.557838
-1.026105,19,465.676854
-0.561258,19,465.798362
-1.041131,19,465.923894
-0.780262,19,466.050401
-1.197621,21,466.184424
-0.886366,19,466.320935
-1.471978,21,466.500959
-0.999352,19,466.624469
-1.298565,20,466.769496
-0.660258,19,466.890086
-1.234883,20,467.034702
-2.493765,19,467.16872
-1.227163,19,467.326233
-0.823023,20,467.475254
-0.65177,20,467.617771
-0.432161,19,467.746283
-0.549717,20,467.875311
-1.148751,20,468.011822
-0.621282,19,468.141334
-0.844081,19,468.263844
-1.14239,21,468.401861
-2.754219,22,468.567391
-0.803493,18,468.695415
-1.574243,18,468.831932
-0.762891,21,468.99936
-0.801696,19,469.139221
-1.516354,19,469.281254
-1.070805,19,469.414762
-3.76978,20,469.588866
-0.717218,18,469.715323
-0.629757,18,469.8459
-2.35497,19,469.989981
-0.600718,19,470.124495
-1.415802,19,470.270525
-1.016958,19,470.402033
-1.102753,20,470.556547
-3.568593,19,470.717569
-1.412934,19,470.860091
-1.152605,22,471.036114
-1.619218,19,471.162531
-3.804466,21,471.329934
-3.480098,20,471.455453
-4.280304,19,471.583469
-1.059537,18,471.711982
-1.086967,19,471.841491
-0.726735,18,471.968013
-1.325671,19,472.109049
-0.912038,19,472.241553
-1.394096,18,472.36707
-0.849161,19,472.506094
-1.678934,18,472.634607
-1.326319,19,472.775632
-1.266593,20,472.923145
-0.620611,19,473.073182
-1.757733,20,473.236697
-2.605795,20,473.378072
-1.69546,20,473.517257
-1.837917,19,473.656768
-1.054097,20,473.80079
-1.220541,20,526.708575
-0.961013,18,526.844088
-1.725688,18,526.984403
-2.031736,19,527.121061
-1.460295,20,527.277244
-2.328418,18,527.42626
-1.864021,18,527.556314
-4.433289,19,527.703487
-0.517117,19,527.840765
-0.399782,17,527.996958
-1.070992,20,528.137058
-0.736782,20,528.26757
-1.636915,19,528.406588
-0.753813,17,528.5301
-0.285183,20,528.681609
-1.213526,20,528.823334
-2.004164,20,528.961363
-0.541205,20,529.094651
-0.57241,20,529.238443
-0.941342,20,529.38682
-3.829875,19,529.519836
-1.420675,20,529.66486
-1.877111,19,529.787213
-2.750868,20,529.938739
-0.555984,20,530.082804
-3.704776,20,530.251995
-0.571835,19,530.38921
-0.601508,20,530.550391
-1.103304,18,530.709923
-1.092572,19,530.868433
-0.571189,18,530.999762
-1.867654,21,531.157271
-0.486834,20,531.311287
-0.552459,18,531.453121
-2.423011,18,531.601714
-2.25187,17,531.723223
-0.867688,18,531.865381
-0.465705,19,531.997458
-0.483974,20,532.123479
-0.748963,18,532.247576
-0.419515,20,532.390095
-2.02845,19,532.529114
-3.070508,19,532.666624
-0.664075,19,532.823153
-0.550897,19,532.998735
-0.728276,20,533.180247
-0.593602,19,533.330265
-0.530542,20,533.461778
-2.380755,18,533.595169
-5.174241,19,533.749489
-0.693183,18,533.867
-0.480804,18,534.00429
-1.277346,18,534.180801
-2.010881,21,534.352328
-0.730556,21,534.49822
-1.604972,20,534.669729
-0.350564,19,534.826748
-1.113785,20,535.004766
-2.234799,18,535.166275
-0.481792,19,535.345046
-0.602632,19,535.480559
-0.508733,20,535.61521
-0.427849,19,535.74172
-1.309385,19,535.88438
-1.338725,21,536.025915
-0.443777,20,536.150944
-2.815211,20,536.291457
-0.602957,20,536.448474
-0.668089,20,536.582989
-1.249377,20,536.723015
-0.511174,20,536.861041
-0.726949,19,536.987155
-1.031333,20,537.12617
-0.524562,18,537.245672
-0.598759,20,537.379186
-0.889683,19,537.510207
-0.420494,19,537.645716
-0.848792,20,537.789227
-1.451205,19,537.918471
-3.156423,18,538.045817
-0.669209,19,538.168888
-1.489692,19,538.300907
-2.213879,18,538.449933
-1.064882,20,538.591445
-1.029549,19,538.717968
-0.553312,19,538.852481
-0.729094,19,539.016503
-3.541448,20,539.144014
-1.01457,19,539.275525
-1.952521,18,539.394038
-2.63716,18,539.511059
-0.807246,18,539.64057
-1.075675,20,539.80659
-1.750356,19,539.9371
-4.066055,21,540.076614
-1.492214,18,540.215163
-1.096378,19,540.343675
-6.759623,20,540.479187
-0.580562,19,540.60621
-1.046869,20,540.758301
-0.620997,19,540.900836
-3.856954,21,541.055345
-0.618612,19,541.181491
-0.467428,19,541.308511
-2.484428,20,541.451019
-2.764964,21,541.593535
-1.038594,19,543.103337
-0.592578,20,543.239421
-0.663405,21,543.365503
-3.659345,20,543.487018
-1.018014,19,543.605136
-0.84781,20,543.764663
-2.457527,19,543.881679
-1.384755,20,544.005699
-0.754533,20,544.129729
-1.165438,19,544.246239
-2.642007,17,544.362407
-0.481521,19,544.503044
-2.13131,19,544.636146
-0.915061,18,544.754265
-0.584468,20,544.888314
-1.155019,18,545.011339
-0.588251,20,545.143428
-1.240163,18,545.264506
-4.516511,20,545.39402
-1.45288,20,545.532037
-0.524248,19,545.661545
-2.640823,18,545.781765
-1.716083,20,545.912785
-0.973475,21,546.055823
-1.493974,18,546.182138
-1.206749,20,546.312137
-2.946517,20,546.443889
-1.098353,18,546.562939
-0.876194,18,546.68814
-3.70734,19,546.815404
-0.676228,20,546.947916
-1.927774,19,547.076425
-0.386322,19,547.230446
-0.606385,21,547.369955
-0.589985,19,547.499971
-1.086357,20,547.635483
-2.697088,16,547.757597
-0.70618,20,547.901617
-0.688961,19,548.056661
-1.923214,20,548.200239
-0.473261,18,548.346746
-0.598008,17,548.471255
-0.600945,19,548.627989
-0.390687,20,548.768375
-1.822047,19,548.922923
-1.000297,19,549.053429
-0.564723,21,549.206642
-1.151975,19,549.330148
-0.368085,19,549.469655
-1.19262,19,549.61573
-0.717041,19,549.756804
-3.724238,18,549.884945
-2.21745,19,550.027968
-1.161531,20,550.16248
-1.292182,19,550.294991
-0.598486,19,550.444818
-4.069687,20,550.59033
-1.887416,20,550.746238
-0.613778,18,550.868636
-1.654198,21,551.043702
-2.33374,19,551.183213
-0.638217,20,551.3219
-0.522315,19,551.482411
-0.564755,20,551.657436
-0.928242,21,551.810795
-3.249041,20,551.94631
-1.086666,20,552.081819
-0.460739,18,552.212631
-2.28635,17,552.331142
-0.672076,19,552.458377
-0.440088,20,552.616397
-1.02372,19,552.783911
-0.585964,19,552.916681
-0.973203,20,553.048547
-6.09629,20,553.183574
-0.592299,19,553.350596
-0.367213,18,553.466685
-1.828876,19,553.611213
-0.574543,19,553.755723
-2.792413,20,553.895108
-0.499823,22,554.056105
-0.426529,19,554.185614
-0.600918,20,554.321634
-1.439318,18,554.447141
-0.654821,20,554.628167
-2.94835,19,554.758675
-0.701308,20,554.896697
-1.885191,19,555.049622
-2.266702,18,555.180494
-0.739842,19,555.341986
-1.291106,20,555.489102
-0.69244,19,555.620438
-0.397026,19,555.758463
-0.661649,20,555.915485
-2.496022,21,556.056581
-0.659014,19,556.186092
-0.425393,18,556.319062
-0.678445,19,556.458295
-0.938088,20,556.594806
-1.200967,20,556.733824
-0.553065,19,556.862334
-0.687029,18,557.016356
-0.871711,20,557.149867
-0.652161,19,557.284944
-0.353491,20,557.417156
-1.043089,19,557.550665
-1.073311,19,559.026518
-0.383953,20,559.162555
-0.464948,17,559.296593
-0.222063,19,559.435457
-0.478929,19,559.580087
-0.507876,19,559.717919
-1.216373,19,559.848431
-0.592401,18,559.985556
-0.445517,19,560.105572
-1.650013,17,560.223069
-1.17693,20,560.374578
-0.705147,19,560.542603
-0.421541,19,560.677114
-0.64615,19,560.809132
-3.713618,17,560.93564
-3.012926,17,561.063152
-1.470967,19,561.187662
-0.817769,20,561.326228
-0.631202,19,561.462743
-0.608116,18,561.588287
-2.564443,19,561.731403
-1.633328,19,561.860968
-0.695092,17,561.98848
-0.588882,19,562.130502
-1.505461,20,562.294014
-0.685777,19,562.422033
-0.844014,20,562.559543
-3.942527,19,562.693057
-0.955645,18,562.818378
-0.786357,19,562.948894
-1.105235,19,563.085407
-0.639409,19,563.236425
-1.897766,18,563.370548
-1.214263,19,563.503066
-0.765533,19,563.649087
-0.789041,21,563.79756
-0.718874,19,563.938597
-0.479818,17,564.059694
-0.439159,19,564.197208
-1.71552,18,564.326005
-5.720253,14,564.423513
-0.595649,18,564.55202
-1.306696,19,564.693534
-4.596209,18,564.816551
-0.738919,19,564.960063
-1.580889,18,565.091578
-2.757598,19,565.2326
-0.839392,19,565.392108
-0.464953,18,565.517145
-0.584544,19,565.653293
-1.402638,18,565.775804
-2.707278,19,565.909856
-1.247856,19,566.041881
-0.922104,17,566.156395
-0.583207,20,566.300905
-1.525664,20,566.442923
-0.594699,19,566.576437
-0.664963,19,566.716451
-1.729856,19,566.843469
-0.509733,19,566.967979
-0.739387,18,567.091487
-2.898181,21,567.242504
-0.943442,19,567.390017
-0.835496,20,567.546592
-0.7107,19,567.697651
-0.760096,18,567.831189
-1.505003,19,567.965701
-0.814266,19,568.101142
-0.561333,18,568.232424
-0.917916,21,568.384563
-1.804712,19,568.523466
-0.51945,19,568.650544
-1.191219,19,568.789051
-1.106857,19,568.932657
-4.341315,18,569.075169
-0.413296,20,569.246191
-0.908321,19,569.384699
-1.096148,19,569.530293
-0.976327,18,569.700808
-0.925942,21,569.849823
-0.593415,19,569.976333
-0.676545,20,570.108846
-0.617515,20,570.278848
-0.384087,18,570.420163
-0.238515,18,570.543673
-0.78123,19,570.678184
-1.140172,19,570.826203
-0.769455,19,570.956399
-0.716363,19,571.088907
-1.051537,21,571.272927
-0.707493,18,571.417464
-1.048571,17,571.53762
-0.549931,20,571.695648
-0.388267,19,571.84321
-1.574707,17,571.969722
-0.515606,19,572.127748
-0.950455,19,572.270255
-1.31635,21,572.436146
-1.179806,20,572.598658
-1.091051,20,572.736678
-0.279909,18,572.912698
-0.70505,20,573.064208
-0.669802,20,573.22323
-3.543791,19,573.364745
-1.59071,18,573.514767
-1.903894,21,573.681276
-0.656831,18,573.829295
-2.034428,19,574.003823
-0.80422,18,574.128467
-0.290598,19,631.222915
-0.248268,19,631.376928
-0.249024,19,631.54995
-0.255833,18,631.701077
-1.025214,18,631.881627
-1.595818,19,632.030147
-2.594806,20,632.168715
-0.171647,19,632.307226
-0.480856,19,632.486245
-1.165995,20,632.631712
-0.969084,18,632.760357
-0.253673,19,632.892865
-1.592648,19,633.035382
-3.844746,19,633.188398
-0.932106,19,633.345024
-0.407257,19,633.482533
-0.382914,19,633.647553
-0.454723,18,633.779826
-0.145281,19,633.952843
-0.272109,21,634.104354
-0.273772,19,634.290376
-0.421456,19,634.454396
-0.354603,20,634.619905
-0.235914,18,634.763987
-0.375016,19,634.897093
-0.262707,18,635.024117
-0.376313,19,635.178131
-1.120287,19,635.364156
-2.408339,19,635.53669
-0.395612,19,635.678203
-0.441573,21,635.827714
-0.363108,19,636.002398
-0.28585,20,636.167416
-0.479414,19,636.339437
-0.344108,19,636.496946
-0.422602,20,636.686969
-0.363969,19,636.830485
-0.364369,20,636.971168
-0.264691,19,637.105712
-0.41057,20,637.25373
-0.39035,19,637.41124
-0.630591,20,637.585168
-2.296555,18,637.752188
-0.461377,19,637.884696
-0.176312,19,638.05072
-0.786295,19,638.208123
-3.207672,19,638.341655
-0.353004,19,638.462078
-0.730106,19,638.606585
-0.871581,18,638.746603
-0.354282,19,638.90471
-1.586503,20,639.058943
-1.97819,19,639.208536
-0.183519,18,639.346555
-0.590052,19,639.493064
-1.840965,17,639.663088
-1.637935,19,639.796599
-0.724963,19,639.924111
-0.296077,19,640.063127
-0.317882,19,640.239152
-0.321496,19,640.392504
-0.914203,19,640.532016
-0.232352,19,640.697035
-1.102137,19,640.882053
-1.5366,18,641.021563
-0.61879,19,641.157583
-5.417834,16,641.269344
-1.63674,20,641.456058
-0.569689,18,641.597568
-0.539184,19,641.737581
-1.5739,18,641.899101
-1.720402,16,642.037115
-12.574624,15,642.13712
-7.581635,19,642.278259
-0.866581,17,642.415285
-3.200073,19,642.576308
-0.239462,18,642.706335
-0.251771,20,642.864606
-0.971752,18,643.004117
-0.362389,19,643.143829
-0.631182,17,643.26389
-0.341544,19,643.410079
-0.454898,19,643.563983
-0.371945,21,643.748652
-3.470252,20,643.886165
-0.331423,18,644.026677
-0.239022,19,644.163198
-1.531966,17,644.312708
-0.733873,19,644.456731
-1.867113,18,644.591242
-1.955991,20,644.747261
-1.746818,18,644.88778
-1.397237,20,645.059796
-0.790084,20,645.243418
-0.639622,19,645.396926
-0.430676,19,645.53181
-1.227115,19,645.688515
-0.640802,19,645.844538
-0.531876,19,645.984047
-0.2011,18,646.124558
-0.735624,19,646.274628
-0.295396,19,646.410645
-3.082237,20,646.546691
-1.174031,21,646.710704
-0.678114,19,646.841727
-0.217224,19,646.986943
-1.654498,18,647.129149
-0.374387,18,647.260164
-0.692419,19,648.855901
-0.543276,19,648.983412
-0.329069,19,649.127925
-0.240945,19,649.265476
-1.062322,18,649.418989
-0.367151,20,649.58301
-0.538811,18,649.719523
-0.364238,20,649.859556
-0.414554,19,650.016325
-2.246406,19,650.153346
-0.370548,20,650.297856
-0.258795,18,650.457419
-0.202966,18,650.612933
-1.592031,19,650.777517
-0.22335,19,650.930621
-1.509929,16,651.061644
-0.907751,20,651.229671
-0.50522,19,651.363693
-0.898734,20,651.509716
-0.228022,20,651.679276
-0.549117,21,651.859825
-2.098422,20,652.014313
-0.326005,19,652.168195
-0.410793,21,652.343819
-0.294154,19,652.515987
-0.502376,18,652.667006
-0.888405,19,652.798516
-0.355065,20,652.947368
-0.271139,19,653.116877
-0.457597,19,653.270901
-0.695513,18,653.442517
-0.210617,19,653.613024
-8.982506,20,653.77805
-0.845574,19,653.910559
-0.481549,20,654.06213
-0.420252,20,654.218758
-1.825658,19,654.40044
-0.272336,18,654.580409
-0.931522,20,654.754422
-0.292656,19,654.950164
-0.287366,19,655.107673
-0.298762,19,655.279273
-0.713421,18,655.465118
-0.108709,19,655.633631
-0.286391,19,655.797212
-0.865263,17,655.94924
-1.828777,20,656.10175
-4.548975,19,656.257768
-0.850475,19,656.39247
-0.526769,19,656.585097
-0.491778,18,656.727614
-0.350327,19,656.870631
-0.61386,20,657.010139
-1.358601,18,657.168035
-0.383909,19,657.351055
-0.309283,19,657.525565
-1.731073,19,657.673646
-0.323165,18,657.86825
-0.234351,18,658.033764
-0.23335,19,658.166777
-0.298045,20,658.332293
-0.566597,19,658.485251
-3.35105,19,658.648785
-0.290109,20,658.819294
-0.484027,20,658.992315
-0.297298,19,659.143331
-0.575213,17,659.280843
-0.822544,18,659.417352
-1.470391,19,659.560374
-0.217603,19,659.704881
-1.539013,18,659.849897
-0.235778,20,659.990411
-0.418984,20,660.182431
-0.314927,21,660.346998
-0.357315,19,660.478509
-0.285113,19,660.6383
-0.395031,19,660.808436
-0.405494,19,660.941902
-0.304456,19,661.079925
-0.162632,19,661.237433
-0.212483,20,661.434625
-0.591822,20,661.62064
-0.632392,19,661.772665
-0.173622,19,661.931863
-0.241637,18,662.103879
-0.348403,18,662.230904
-0.277981,19,662.42092
-0.546944,20,662.598013
-0.325361,20,662.759238
-0.685265,20,662.949641
-1.410809,20,663.116152
-0.32629,20,663.277173
-1.985887,20,663.42768
-1.497036,20,663.603701
-0.44414,20,663.778405
-0.365102,19,663.932916
-0.762057,19,664.084932
-0.388281,19,664.220445
-0.388177,19,664.376472
-0.40171,20,664.523978
-1.158246,18,664.663058
-0.446268,18,664.812093
-0.316371,20,664.966351
-0.299409,19,665.112483
-1.21353,20,665.266515
-0.482171,20,665.414531
-1.304516,18,665.554996
-0.705869,18,667.073385
-0.617266,18,667.198483
-0.885509,18,667.350504
-1.085414,19,667.483728
-0.360027,21,667.635239
-0.605422,18,667.763772
-0.863615,19,667.90279
-1.21997,17,668.035033
-0.336264,18,668.165629
-0.213966,19,668.303138
-0.189332,19,668.444237
-0.881181,19,668.615265
-0.535021,18,668.753286
-0.567274,18,668.885798
-3.609688,20,669.044307
-0.793144,20,669.212613
-0.63752,19,669.354446
-0.366429,20,669.510466
-2.056334,19,669.679483
-1.36782,18,669.811996
-0.545996,19,669.954895
-0.346433,19,670.109402
-0.404133,18,670.241914
-0.842693,18,670.371518
-0.451955,20,670.527553
-0.557528,18,670.67158
-0.976388,18,670.802091
-0.854907,19,670.938606
-0.205061,19,671.09662
-0.850091,20,671.248152
-0.572827,20,671.392715
-1.037831,20,671.568029
-0.53755,21,671.765135
-0.227775,19,671.935648
-1.151815,18,672.089664
-0.292043,20,672.304685
-0.347141,19,672.457712
-0.456012,19,672.603222
-0.630858,19,672.740737
-0.619579,18,672.892769
-2.385652,19,673.03628
-0.300454,20,673.203296
-0.556335,18,673.355376
-0.618508,18,673.51476
-0.227454,19,673.661146
-0.212413,19,673.809654
-0.507755,19,673.970975
-0.372909,18,674.099486
-2.970043,20,674.277042
-0.684688,19,674.447551
-0.349636,19,674.63157
-0.472649,19,674.803403
-0.320091,19,674.95143
-1.412727,20,675.117707
-1.311491,20,675.282738
-0.303326,19,675.440202
-0.494254,19,675.593222
-0.329629,19,675.771701
-0.396472,20,675.932218
-0.370971,19,676.109244
-0.476846,20,676.279268
-0.264694,19,676.430783
-3.564483,19,676.599602
-0.213694,18,676.739114
-0.424263,19,676.87876
-2.126908,21,677.054837
-0.606147,18,677.184855
-0.373083,19,677.319464
-0.294376,18,677.451532
-0.396611,19,677.602045
-0.2578,19,677.758074
-0.268363,20,677.91331
-0.914721,19,678.06085
-0.284809,19,678.23036
-0.904968,18,678.386381
-0.242765,20,678.544894
-0.339886,19,678.700913
-0.291424,20,678.853934
-1.433577,18,679.004452
-0.338866,18,679.149966
-0.855091,17,679.302884
-0.554037,18,679.479421
-0.21741,18,679.640674
-0.498874,19,679.790689
-1.468432,19,679.954928
-0.597169,21,680.12142
-0.381394,20,680.277948
-0.68347,21,680.432456
-0.359414,19,680.621165
-1.696893,15,680.747682
-0.120627,19,680.917696
-3.134358,20,681.089714
-0.23882,19,681.24923
-0.466322,19,681.468442
-1.7685,19,681.624637
-1.572998,18,681.791794
-0.812578,19,681.986815
-1.634954,20,682.151388
-1.049288,17,682.297157
-1.396873,20,682.470389
-0.33004,19,682.648907
-0.802559,19,682.819517
-0.959255,19,682.972877
-0.464257,19,683.177478
-0.181323,17,683.307986
-0.70981,19,683.460838
-0.310904,18,683.616348
-0.233008,19,683.798973
