#{"t_start": 1770328102.8568995, "env_id": "V2GEnv-continuous"}
r,l,t
-0.6,7,1.187746
-0.62401,8,1.191304
-0.889812,13,1.196304
-1.2,10,1.199317
-2.345233,16,1.205823
-0.690468,10,1.208328
-1.674637,14,1.21133
-1.751016,9,1.21333
-0.825049,15,1.575154
-2.605969,18,1.794278
-1.137674,14,1.942222
-2.469273,14,2.097587
-1.719745,17,2.295999
-1.630185,13,2.449032
-4.201844,18,2.660203
-1.606276,13,2.843148
-1.833606,14,3.018185
-1.462728,10,3.119698
-3.615312,15,3.270202
-0.75195,10,3.379713
-0.86125,10,3.481221
-0.6,7,3.549277
-2.027988,9,3.645788
-2.169419,9,3.7443
-2.108333,15,3.909319
-1.283645,3,3.943321
-1.18293,10,4.050829
-3.875624,12,4.175336
-1.903681,20,4.396274
-2.989102,20,4.617841
-2.085536,16,4.792491
-2.372552,18,4.993516
-1.784147,17,5.173096
-2.81604,23,5.416782
-4.024933,22,5.643659
-3.34819,17,5.822879
-0.793271,7,5.905527
-3.44012,35,6.304396
-2.96639,24,6.551266
-2.226972,12,6.670102
-3.594239,17,6.85764
-1.243868,14,7.00639
-2.060756,10,7.11388
-1.076152,13,7.252125
-1.02004,8,7.351344
-3.486304,23,7.5827
-1.54407,8,7.674196
-1.769167,14,7.837796
-2.60914,12,7.981282
-1.05271,9,8.07378
-2.315423,18,8.255952
-1.277999,12,8.38608
-1.736827,15,8.547283
-2.540234,22,8.784501
-1.025712,11,8.900993
-4.782881,33,9.275303
-0.444525,10,9.384381
-2.882422,22,9.636866
-1.342198,13,9.781668
-2.169417,17,9.972265
-1.123091,12,10.106318
-1.35252,12,10.247505
-2.991428,7,10.328615
-1.4,12,10.488482
-1.809779,14,10.640738
-1.702589,8,10.722234
-1.238798,13,10.863131
-1.177746,8,10.941631
-5.320292,26,11.288334
-1.677437,12,11.429331
-2.193203,11,33.180219
-8.265245,25,33.185218
-6.765471,19,33.189217
-3.621407,11,33.192217
-4.71931,14,33.196216
-2.284355,7,33.197216
-7.19515,16,33.225258
-3.850471,9,33.319756
-3.631365,11,33.433479
-5.553281,16,33.596481
-7.534966,22,33.825727
-7.618186,16,34.001207
-3.685131,13,34.138762
-10.221953,20,34.345176
-10.49697,27,34.643636
-3.92183,9,34.74413
-7.989809,22,34.994106
-8.145898,14,35.144097
-3.897631,10,35.257589
-1.620052,8,35.349082
-7.227438,20,35.567615
-5.453905,20,35.785242
-3.591388,11,35.908731
-2.083217,8,36.000223
-13.78698,32,36.355735
-5.500416,12,36.488501
-6.308603,14,36.635226
-4.640539,15,36.802869
-2.961952,8,36.890365
-5.969695,11,37.002856
-4.922539,14,37.162852
-2.085514,7,37.238348
-4.851779,8,37.326535
-4.681896,9,37.426406
-4.866121,15,37.590669
-3.413511,10,37.704163
-1.931287,7,37.782657
-6.187723,15,37.940824
-4.539552,10,38.052856
-7.981559,25,38.334916
-4.669284,12,38.465082
-11.338642,28,38.780127
-5.56347,15,38.95488
-3.215466,10,39.068369
-2.818157,10,39.180693
-7.958488,15,39.354679
-6.394314,19,39.565147
-12.671551,31,39.925239
-2.493693,11,40.048671
-4.478354,13,40.194156
-5.729573,10,40.303647
-3.224561,8,40.389142
-2.396111,7,40.466142
-7.167738,18,40.664937
-9.502883,21,40.894918
-4.660453,15,41.052228
-8.572242,22,41.295299
-5.065678,14,41.479284
-1.150932,6,41.545784
-2.695421,7,41.613774
-3.809591,11,41.737768
-5.753632,17,41.933749
-9.11125,26,42.21825
-6.589969,18,42.406827
-1.513564,5,42.467321
-5.203535,14,42.623313
-10.061472,29,42.95192
-8.061206,11,60.798484
-13.751321,24,60.803481
-4.368916,9,60.805481
-6.97237,16,60.809481
-9.156029,19,60.814482
-11.695535,18,60.818481
-8.09806,13,60.912976
-6.901008,15,61.070778
-9.678221,16,61.239075
-5.2694,10,61.339556
-18.080319,32,61.691185
-6.884445,15,61.867176
-5.351495,13,62.015663
-7.464439,11,62.139271
-9.53135,14,62.290275
-9.575506,11,62.408439
-2.612734,6,62.474936
-7.41765,11,62.592027
-7.18141,10,62.699023
-6.814642,13,62.841015
-10.196222,10,62.954503
-5.746405,13,63.098988
-15.426026,31,63.437965
-7.530096,17,63.635622
-20.375563,31,63.979804
-6.202447,7,64.056301
-5.34544,9,64.160792
-7.260487,15,64.331721
-11.016701,25,64.620216
-7.478125,12,64.74761
-5.671058,12,64.87713
-7.784356,10,64.97324
-6.244789,11,65.105536
-7.135762,12,65.222026
-9.638525,17,65.383042
-12.431382,24,65.611113
-7.804966,12,65.740111
-4.794138,9,65.825098
-8.569072,21,66.022228
-10.006721,22,66.22621
-7.056641,13,66.347169
-10.347428,14,66.477657
-5.137138,7,66.546154
-8.918067,16,66.695527
-9.243086,22,66.910369
-17.195084,21,67.137846
-4.798685,8,67.217922
-12.173517,25,67.499335
-12.089986,22,67.742727
-19.475651,18,67.941763
-9.403923,20,68.154709
-9.006922,21,68.388068
-5.680336,7,68.463256
-8.503009,15,68.622093
-9.146791,12,68.749258
-2.330207,7,68.827017
-6.575395,14,68.990823
-15.888648,26,69.276152
-13.690421,20,69.492165
-12.118914,27,69.756331
-14.358126,23,69.99258
-11.17107,15,70.143994
-7.505132,12,70.260261
-8.976705,13,91.344806
-23.289188,25,91.349805
-3.6595,7,91.350806
-10.641023,21,91.356804
-13.390292,14,91.360803
-17.011536,18,91.364802
-10.174883,20,91.589841
-11.085602,14,91.751367
-15.199945,21,91.971871
-10.687319,13,92.114
-10.193693,11,92.246886
-6.990856,9,92.3609
-17.781994,21,92.604532
-9.059211,17,92.806442
-8.372893,15,92.996573
-15.920614,30,93.311122
-5.255095,11,93.431612
-5.507155,12,93.571774
-8.146098,15,93.742831
-8.300416,11,93.849046
-13.56943,20,94.079028
-8.554565,17,94.258693
-4.461476,10,94.393178
-6.758611,13,94.547154
-2.746828,6,94.611144
-10.400627,12,94.745477
-21.826763,28,95.063182
-7.983777,16,95.247282
-11.512928,15,95.426294
-6.25197,13,95.563287
-3.588187,9,95.666779
-10.926257,22,95.899279
-5.334608,10,96.02689
-15.958544,26,96.327566
-11.922747,18,96.522203
-4.320136,8,96.614424
-10.2515,15,96.80297
-14.511097,22,97.054555
-14.852414,19,97.284429
-7.882125,11,97.397922
-12.405328,21,97.643333
-25.164335,30,97.991688
-9.615523,19,98.204019
-5.361882,12,98.345595
-9.284724,19,98.559112
-5.555137,11,98.68836
-17.397423,26,98.97954
-9.120884,14,99.14153
-7.30141,10,99.243843
-23.084295,26,99.490964
-4.493563,8,99.568142
-4.833197,9,99.6592
-2.386118,5,99.71819
-11.537253,18,99.904619
-6.471037,10,100.007112
-3.777776,9,100.097217
-6.170339,11,100.201709
-8.1234,16,100.362479
-2.826371,7,100.434469
-12.344885,15,100.58346
-13.507479,14,100.731947
-3.635393,5,100.783449
-3.820499,7,100.85395
-9.18982,16,101.015433
-15.211663,20,101.220421
-7.949052,12,101.352754
-28.230637,21,117.092581
-21.714916,25,117.09958
-6.846007,10,117.102581
-15.651842,17,117.106577
-13.185374,15,117.110578
-9.598371,16,117.144575
-7.044416,11,117.279571
-10.518308,17,117.478034
-17.352934,24,117.724566
-12.134229,18,117.904739
-16.394478,24,118.176191
-3.769777,6,118.241184
-4.729749,7,118.322673
-7.725342,14,118.479278
-9.460717,10,118.582924
-2.438786,5,118.634352
-6.45778,9,118.741843
-3.810736,7,118.812905
-6.113264,11,118.932352
-6.295136,9,119.046846
-9.683591,11,119.17484
-11.509159,20,119.408823
-6.991314,13,119.555956
-7.964479,9,119.661082
-8.6396,15,119.82387
-4.740817,9,119.933363
-16.599266,24,120.207044
-11.86331,18,120.419029
-7.914249,12,120.559432
-9.065525,13,120.710068
-9.030711,15,120.874796
-9.908857,16,121.026722
-7.954836,13,121.180715
-2.842797,6,121.235711
-10.886646,21,121.449205
-12.284836,19,121.649192
-6.337887,11,121.781682
-13.570858,18,121.970677
-8.182137,11,122.095747
-14.41838,23,122.325385
-4.820153,9,122.412883
-12.784182,19,122.605823
-10.982018,19,122.816853
-3.382385,6,122.877372
-11.381021,15,123.035964
-18.81178,27,123.304553
-6.828619,14,123.43505
-2.317893,5,123.485552
-10.835478,17,123.661342
-10.7035,12,123.792829
-3.12171,7,123.864324
-11.226745,16,124.023629
-4.283826,8,124.104134
-13.079306,16,124.287642
-9.271987,14,124.444697
-15.887433,18,124.615412
-4.920063,8,124.709903
-5.845455,11,124.826913
-10.28963,13,124.952911
-2.997519,6,125.018254
-19.521475,26,125.308014
-6.174765,8,125.387643
-2.421049,5,125.445634
-3.294094,7,125.522125
-4.028293,9,125.62314
-8.820346,16,125.795683
-11.905567,19,125.975683
-5.18571,9,126.063181
-10.897577,17,126.232666
-7.172226,12,126.342162
-9.693977,12,126.453249
-5.533094,8,126.545172
-5.713051,12,126.672168
-12.592388,15,141.572881
-6.793818,10,141.574881
-11.225806,16,141.57888
-26.314136,29,141.58588
-14.559877,16,141.589878
-9.420383,11,141.592878
-2.951222,7,141.631874
-10.576944,13,141.789438
-4.421743,9,141.898482
-7.967667,13,142.036632
-8.508622,15,142.203267
-4.203545,9,142.294397
-8.274102,14,142.434465
-3.57327,7,142.505872
-9.121793,13,142.635363
-6.825234,10,142.729482
-11.922945,14,142.87548
-8.039696,13,143.025485
-5.676695,8,143.105522
-8.829618,10,143.221014
-6.484347,9,143.312782
-17.580515,23,143.592502
-14.325197,16,143.760096
-3.849053,7,143.854101
-8.073636,16,144.041146
-5.564247,10,144.171145
-3.561271,8,144.265641
-8.077412,14,144.412855
-10.210541,13,144.56257
-4.19332,9,144.652737
-8.580723,13,144.801019
-13.250855,20,145.048253
-20.244236,27,145.390751
-4.607158,6,145.455763
-6.157312,8,145.537751
-4.514919,8,145.628802
-2.736262,4,145.678825
-2.663008,4,145.718958
-7.443814,15,145.90509
-5.93493,11,146.029577
-3.580145,10,146.146073
-7.761699,11,146.258883
-8.776748,11,146.389369
-6.617537,10,146.513771
-5.650357,13,146.676365
-11.457428,16,146.86644
-6.829863,8,146.974472
-7.742677,12,147.093537
-3.662153,7,147.185539
-8.03619,13,147.353678
-9.674971,14,147.529658
-1.458033,5,147.597983
-1.415151,4,147.656484
-7.733723,14,147.843815
-2.527155,5,147.897219
-8.496647,14,148.061393
-3.105252,7,148.135381
-5.553413,8,148.222505
-4.970028,11,148.357022
-7.023519,11,148.492509
-8.463365,14,148.646816
-7.429516,10,148.764779
-5.697026,9,148.88427
-10.056316,11,149.020761
-3.496188,7,149.116896
-6.050729,9,149.226955
-12.155756,15,149.411748
-7.217835,13,149.578351
-8.253944,14,149.751838
-6.023827,13,149.915353
-2.320426,7,150.00885
-4.153314,6,150.079353
-5.575838,9,150.191542
-17.666706,23,150.485635
-6.6938,11,150.619733
-6.834774,11,150.743227
-14.767432,17,150.922021
-4.665932,9,151.008444
-3.253313,5,151.064943
-3.981385,8,151.143936
-8.831256,13,151.277986
-9.495743,15,151.426041
-5.753074,12,151.551061
-11.020293,17,151.730049
-2.012523,6,151.795165
-10.65355,15,151.969531
-15.086116,16,165.568641
-2.487662,8,165.569641
-12.720909,18,165.574642
-6.460043,9,165.57664
-26.779614,25,165.582641
-5.551993,9,165.584639
-11.91686,16,165.590639
-3.96886,10,165.709135
-2.474191,5,165.768159
-1.851127,9,165.870325
-4.643698,9,165.956418
-4.516682,9,166.053912
-2.49426,5,166.116407
-5.488488,8,166.201339
-1.554108,5,166.253332
-11.724535,21,166.50382
-4.078565,13,166.63794
-4.204317,9,166.731999
-1.597838,5,166.785065
-10.214861,13,166.913774
-3.930546,7,166.985271
-6.091969,11,167.096763
-9.741868,15,167.255442
-2.341065,6,167.311457
-5.294732,10,167.420486
-2.259441,7,167.487533
-4.277426,7,167.562523
-8.43742,11,167.669989
-11.798366,13,167.800478
-5.904258,13,167.928965
-13.291,19,168.116308
-6.606555,13,168.243521
-6.728188,15,168.395082
-2.562571,7,168.465778
-2.126733,6,168.527039
-2.000272,4,168.564618
-4.110376,8,168.642556
-3.697977,7,168.709688
-2.957891,8,168.786715
-2.282107,6,168.850709
-2.029111,5,168.905207
-2.696554,7,168.973704
-3.208097,9,169.068197
-9.606604,17,169.231975
-3.989289,8,169.313067
-5.259281,8,169.390139
-2.107871,6,169.45013
-0.990422,3,169.478249
-2.604954,8,169.562239
-6.534241,14,169.708444
-4.197172,9,169.803507
-10.570953,15,169.956519
-6.525498,10,170.067317
-2.051513,5,170.11731
-3.898642,7,170.191706
-1.97177,5,170.238739
-1.457016,5,170.289743
-1.793007,5,170.336736
-5.972813,9,170.426231
-7.286335,12,170.542722
-4.243263,8,170.63322
-2.593347,6,170.690717
-6.629518,12,170.815214
-3.948147,11,170.924704
-4.533144,8,171.007884
-0.862399,7,171.07938
-6.583047,11,171.194872
-6.313485,7,171.261866
-4.086798,8,171.339088
-2.768756,10,171.436085
-6.03163,10,171.536576
-6.130605,9,171.626068
-1.062535,5,171.678297
-1.449321,7,171.750288
-1.144119,5,171.798394
-7.990318,12,171.909631
-3.92225,7,171.989639
-2.09721,5,172.040631
-11.53961,18,172.216005
-1.314517,4,172.256
-4.439022,7,172.327416
-3.186882,10,172.423674
-2.067992,6,172.488172
-2.437127,6,172.545164
-3.182178,7,172.617273
-5.595782,9,172.704765
-4.096423,10,172.805256
-2.788837,6,172.868753
-2.315081,5,172.924744
-2.070966,5,172.974244
-6.206914,11,173.088299
-3.086391,5,173.144292
-3.146406,8,173.227333
-3.354846,8,173.305165
-0.971873,3,173.334161
-4.509325,11,173.47816
-5.352631,10,173.606651
-1.714524,5,173.661643
-7.172359,12,173.808517
-3.099469,6,173.883015
-1.798149,4,173.935006
-4.865418,10,174.05123
-5.65228,11,174.184222
-9.290191,15,174.36866
-4.855017,9,174.478318
-8.584161,13,174.648432
-5.454282,11,174.783971
-2.852901,8,174.877466
-2.709428,8,174.983959
-2.275047,6,175.057949
-4.154309,11,187.986559
-8.705871,12,187.989558
-6.025381,12,187.991557
-9.863519,14,187.995556
-16.914757,20,188.000557
-12.856109,19,188.004555
-7.865001,12,188.007555
-4.346733,8,188.099049
-4.648088,9,188.215541
-5.279578,10,188.328638
-3.094128,11,188.445686
-0.192576,3,188.48119
-2.245776,7,188.561179
-4.391437,13,188.690728
-2.035397,5,188.74372
-3.146204,8,188.824778
-2.790549,7,188.897274
-5.740337,10,189.008766
-10.567606,18,189.213752
-2.874944,10,189.312244
-6.809497,13,189.464732
-2.362817,6,189.526999
-1.410584,6,189.589593
-3.779485,10,189.696986
-3.688208,8,189.791092
-3.156652,5,189.850082
-3.713268,5,189.902346
-4.655876,9,189.996466
-7.149473,14,190.148468
-1.689698,4,190.190541
-3.159379,7,190.26307
-6.540542,11,190.381043
-1.440982,8,190.473537
-0.429829,4,190.521529
-3.442491,8,190.606555
-0.682981,3,190.636551
-11.290395,14,190.791473
-4.296219,10,190.910656
-4.314606,9,190.99766
-0.031503,3,191.031656
-0.872341,4,191.08416
-1.64351,6,191.147331
-2.342599,8,191.240824
-4.09151,12,191.358859
-2.36607,5,191.408934
-1.232038,4,191.456927
-1.792885,15,191.617996
-7.123463,12,191.748467
-1.740488,6,191.823421
-1.089044,4,191.867416
-4.301207,10,191.980413
-0.601738,5,192.039405
-8.126345,15,192.189395
-5.019688,11,192.301884
-6.530374,13,192.461057
-2.309965,5,192.510342
-3.83377,5,192.568336
-2.730232,7,192.645341
-4.668136,9,192.735358
-6.087361,11,192.835401
-5.908336,12,192.94642
-3.38529,7,193.01753
-4.883815,11,193.124533
-5.251456,11,193.226584
-2.816778,8,193.302604
-5.491737,11,193.425092
-3.400462,9,193.524585
-1.275664,5,193.573723
-7.506645,12,193.705213
-3.547358,9,193.794612
-11.580202,20,194.006988
-3.805433,10,194.101481
-0.610311,4,194.141474
-2.813451,6,194.206971
-2.871912,6,194.282471
-1.510616,5,194.33227
-4.89974,8,194.422765
-10.620635,18,194.608325
-2.641564,6,194.669432
-6.053779,15,194.808576
-2.42361,5,194.863569
-2.902273,9,194.950581
-4.629196,9,195.032645
-0.305892,6,195.096699
-1.539838,5,195.153209
-2.518079,5,195.20071
-5.319237,10,195.298767
-3.097102,6,195.361761
-2.990422,10,195.462777
-7.656119,13,195.595769
-3.918362,9,195.687785
-4.984996,8,195.784278
-7.468238,10,195.88077
-8.437077,11,195.992743
-0.976079,4,196.03066
-1.387387,7,196.106663
-3.593954,8,196.194698
-3.753092,8,196.276801
-3.106614,8,196.376254
0.779016,4,196.429245
-2.764167,10,196.534747
-6.935364,13,196.668236
-2.730419,7,196.749727
-2.111128,7,196.824223
-4.317438,9,196.920717
-2.976519,6,196.982213
-4.010415,7,197.057204
-3.838206,10,197.151694
-4.1855,7,197.227699
-3.447093,7,197.295738
-2.700424,6,197.363732
-1.842926,5,197.430124
-1.561687,7,197.504617
-7.312569,16,210.141985
-1.929893,7,210.142985
-7.75037,9,210.144985
-11.633944,13,210.148986
-4.551649,9,210.151986
-11.627726,12,210.154984
-7.498548,14,210.157983
-20.944425,18,210.162982
-4.937308,13,210.302975
-0.428108,6,210.387142
-0.530045,5,210.45113
-2.724455,9,210.561623
-1.602943,5,210.624124
-1.024932,5,210.683493
-3.066454,5,210.742482
-2.613705,8,210.844975
-2.156444,6,210.918027
-3.924454,7,210.997601
-1.819396,5,211.048476
-1.882541,6,211.122805
-1.740317,6,211.203815
-3.583158,12,211.356846
-2.75685,7,211.444343
-7.094799,10,211.567834
-2.69424,6,211.643275
-2.431264,7,211.728772
-1.965754,7,211.81827
-3.203678,6,211.886451
-0.736498,6,211.95644
-1.061719,4,212.01694
-4.577038,9,212.116778
-4.720604,14,212.292278
-4.669231,11,212.416769
-3.220884,7,212.484277
-4.963768,9,212.572266
-2.455639,13,212.699784
-4.607489,10,212.800277
-2.053611,7,212.863267
-1.232813,5,212.910764
-1.120732,7,212.973756
-5.931196,10,213.067809
-0.941201,6,213.125927
-0.827159,7,213.193711
-6.009816,12,213.303688
-2.003428,6,213.362678
-1.634656,5,213.408728
-2.444519,6,213.467721
-3.087979,8,213.541721
-3.992357,9,213.629732
-0.346406,4,213.672727
-0.65735,7,213.736747
-2.725496,10,213.828891
-3.844499,13,213.949943
-2.430461,10,214.04496
-0.232119,8,214.121981
-3.738424,12,214.232105
-5.253722,9,214.316134
-4.409062,10,214.411156
-4.651289,10,214.505241
-2.308462,10,214.599264
-3.347664,10,214.697306
-3.677878,8,214.772297
-5.176944,10,214.862362
-2.235226,7,214.92958
-1.903399,8,215.012651
-2.310932,7,215.081787
-2.800857,10,215.175773
-1.337566,5,215.225903
-1.49168,4,215.265901
-3.774019,7,215.339008
-0.135882,6,215.39411
-3.153384,9,215.479142
-5.474937,6,215.538249
-4.560315,7,215.600183
-5.388858,11,215.70419
-3.383454,11,215.805685
-1.273676,4,215.843679
-5.335766,13,215.962172
-1.296116,8,216.035671
-0.869252,8,216.110172
-2.086295,11,216.215668
-3.383401,6,216.27166
-4.007907,11,216.374156
-4.863588,10,216.470715
-1.332336,6,216.533209
-4.149077,14,216.664281
-0.848542,6,216.719313
-1.041406,7,216.789378
-1.686067,11,216.899411
-4.14776,8,216.979402
-1.648007,6,217.037442
-4.148026,10,217.130874
-2.560616,7,217.20237
-3.846906,7,217.269362
-1.534228,4,217.308384
-6.185727,13,217.433558
-4.109274,7,217.504091
-2.633597,10,217.59662
-1.707672,6,217.654612
-2.970445,11,217.758714
-6.054651,12,217.873207
-3.061562,7,217.936702
-1.832551,6,217.994737
-4.334973,8,218.06973
-3.382388,8,218.143964
-2.110919,7,218.21031
-2.569555,8,218.283806
-1.808937,6,218.342797
-4.407113,12,218.461986
-2.606864,8,218.539026
-4.387854,7,218.603057
-4.209327,12,218.71609
-0.501125,4,218.755084
-0.304121,5,218.804101
-1.983234,7,218.88121
-1.67511,7,218.962198
-1.126031,5,219.0337
-2.931889,5,219.0952
-3.111577,10,219.20125
-2.600103,10,219.321661
-7.351676,11,233.282515
-1.697369,9,233.283514
0.915122,13,233.287661
-3.826307,10,233.28966
-24.192897,17,233.29366
-5.095911,16,233.29766
0.55574,6,233.29966
-26.613915,23,233.370651
-1.727587,6,233.461717
-3.150262,8,233.57076
-1.884315,6,233.637853
-3.320754,9,233.740351
0.040783,4,233.783348
-1.48427,7,233.868843
0.79899,6,233.929937
-0.093156,6,233.998111
-0.718381,8,234.097148
-0.957749,7,234.181016
-2.950244,13,234.33054
-3.243239,10,234.44303
-3.576073,6,234.515053
-2.315861,11,234.640422
-3.065404,11,234.760719
-3.557684,14,234.913227
-2.852218,6,234.98422
-0.022258,5,235.038696
-1.267937,8,235.131191
-2.546551,8,235.242689
0.38763,4,235.303362
-0.871347,6,235.372355
-1.583546,7,235.45985
-0.363398,8,235.554341
-3.24341,8,235.657835
-0.866248,5,235.729331
-3.774724,20,235.939848
-0.24709,5,235.996347
-1.603576,14,236.180725
-1.771689,7,236.281217
0.959237,3,236.328311
-6.32322,20,236.594127
-0.507539,5,236.643119
-0.962867,8,236.741614
-1.597215,5,236.805112
0.569406,5,236.857157
-0.85511,5,236.90501
-1.375491,9,237.00162
-1.235774,8,237.089115
-2.08539,5,237.147106
-0.518655,6,237.212229
-2.669621,8,237.30831
-0.75902,8,237.398665
-7.285936,12,237.557153
-2.278105,8,237.658461
-1.660934,6,237.723962
-0.49426,6,237.777956
-0.351368,5,237.828456
-2.064099,5,237.876455
-1.112919,8,237.955951
-0.272893,3,237.983947
-2.954079,10,238.078438
-2.870405,7,238.147452
-1.619468,7,238.211799
-1.911719,9,238.297295
-0.6637,7,238.365284
-0.005974,3,238.39749
-1.461986,7,238.462478
-0.253559,8,238.536735
0.219071,6,238.593861
-0.577124,8,238.66985
-3.239867,7,238.73509
-1.54882,9,238.821093
-3.95114,16,238.968115
-1.269015,8,239.050869
-1.880265,7,239.116095
-2.119933,13,239.239311
1.065977,7,239.302393
-6.260272,9,239.391418
0.864957,4,239.428412
-0.395744,7,239.494613
0.825924,6,239.551604
-1.000878,5,239.599645
-2.959255,8,239.676636
-1.342094,7,239.742646
-4.380044,14,239.874472
1.040914,5,239.922968
1.10702,5,239.968963
-0.942791,6,240.030465
-1.12575,5,240.076462
-0.012715,8,240.153956
-3.744571,8,240.230456
-0.130188,8,240.304956
0.06335,8,240.381949
-1.29853,7,240.449068
-3.042945,8,240.523565
-0.39372,7,240.591727
0.010822,5,240.63972
-1.360832,9,240.730236
-0.543144,5,240.778609
-1.857836,11,240.879661
-2.84736,10,240.973698
-1.610215,6,241.030752
-4.326103,7,241.095846
-0.444677,4,241.133839
-2.169825,6,241.19182
-0.925806,10,241.287855
-1.380492,11,241.391107
-5.790196,13,241.515454
0.682545,7,241.585444
-2.942314,9,241.677976
-2.984422,11,241.78042
-0.80021,6,241.834918
-0.186687,6,241.891968
-2.721257,11,242.011458
-0.111313,6,242.067312
-2.163318,7,242.134807
-5.914721,9,242.220831
-2.13093,11,242.328426
0.079448,9,242.409918
-1.182433,6,242.467025
-3.406823,13,242.590267
-4.243703,9,242.678497
-3.419924,8,242.756264
2.564111,11,256.707994
-17.939454,24,256.712993
-2.320162,6,256.714992
2.249837,8,256.715992
2.668065,12,256.719992
0.88691,17,256.72399
1.810547,12,256.725991
-5.77979,11,256.72999
1.726163,6,256.825485
0.800223,6,256.888477
-1.236709,4,256.934974
0.413293,7,257.037466
-0.372446,8,257.13196
-0.291715,8,257.229454
0.590155,15,257.398969
-0.121273,5,257.447961
1.455721,6,257.527164
1.197701,5,257.597235
0.307173,4,257.651227
0.223247,5,257.716309
-1.827994,8,257.8278
-2.546417,5,257.895298
-1.281637,7,257.988286
-3.919831,5,258.06278
0.759677,12,258.199454
0.286781,6,258.283442
-4.95095,11,258.419802
1.395052,4,258.457393
-4.065548,15,258.638385
1.010901,7,258.71888
0.274202,9,258.84737
1.199923,6,258.930431
-5.154935,12,259.093461
0.726391,8,259.197626
0.626661,4,259.250618
0.225427,13,259.409611
-0.483759,5,259.469602
-1.153861,8,259.567096
-1.576711,4,259.616599
-2.835054,9,259.72909
-0.123067,5,259.800587
0.689437,4,259.855579
-1.778633,12,260.021569
-5.378163,13,260.211556
-3.167503,12,260.405541
-1.259792,7,260.515034
-1.908028,7,260.59484
0.142393,7,260.665967
0.271801,7,260.741463
2.001451,7,260.82396
1.025212,5,260.880955
0.376555,4,260.926451
0.424308,9,261.028966
1.90345,13,261.174455
0.06715,6,261.240951
-1.663028,7,261.319447
2.094489,6,261.386438
0.000766,6,261.448935
-0.876418,5,261.505436
0.587898,7,261.579429
3.213132,10,261.702423
1.129465,8,261.790411
0.594835,8,261.872902
-3.507225,7,261.942992
-0.548984,8,262.046173
-0.344347,5,262.119671
-2.565895,10,262.235163
-0.49341,8,262.337389
-2.08567,13,262.482485
-1.906887,5,262.535983
1.323581,10,262.663474
-3.460688,6,262.736289
0.910991,6,262.796992
-2.900936,12,262.940746
-0.002431,11,263.065238
-0.334712,6,263.131736
1.257196,9,263.231374
0.336322,9,263.321867
-3.041431,10,263.422056
0.74118,10,263.527127
0.879274,7,263.609627
-1.067118,8,263.703123
-0.357272,8,263.798126
1.351463,3,263.834121
1.817771,7,263.907623
-3.87401,8,263.989614
-0.061782,5,264.040112
0.594631,7,264.125206
-1.918055,13,264.271691
-5.841799,10,264.388181
-1.483301,7,264.480678
-0.807125,5,264.534175
-0.78295,6,264.596671
-0.396961,7,264.676659
-0.908797,5,264.737161
-0.436432,8,264.832251
-0.769974,12,264.969165
-1.24184,12,265.107711
-2.46056,10,265.214199
-0.037854,4,265.254193
0.680892,5,265.305558
1.99046,6,265.367548
0.285015,5,265.419048
1.103149,7,265.507071
0.324439,8,265.607563
2.098154,12,265.746049
2.853549,12,265.880538
-2.991049,5,265.931036
-0.154279,7,266.004079
-2.541422,7,266.083069
-3.601146,6,266.154565
0.506189,4,266.198064
-0.4427,10,266.308141
-3.712142,13,266.462623
1.332614,5,266.518121
0.360613,11,266.636615
-1.905995,9,266.739106
-0.549006,9,266.828599
0.396333,5,266.878591
2.987871,6,266.972084
-5.27133,9,267.082936
-8.146439,12,267.22274
-3.373674,8,267.297235
-1.482103,8,267.377222
3.922902,7,281.604379
-4.963445,13,281.607379
-4.506968,18,281.611377
3.874223,8,281.613378
-17.424643,24,281.619376
2.213398,6,281.621376
-2.145432,26,281.645373
1.254575,5,281.717669
-1.046939,9,281.835157
3.705116,6,281.909655
3.209915,9,282.025144
0.718376,17,282.237898
-4.323001,14,282.396927
2.879226,6,282.469418
0.950762,10,282.58491
1.550449,6,282.655929
2.333813,10,282.765421
-0.616585,8,282.853915
2.929486,12,282.984956
-2.300035,6,283.056454
2.01741,5,283.116952
1.826279,10,283.239442
1.571464,7,283.319938
1.626521,11,283.445975
-6.957202,8,283.536309
1.988657,11,283.662797
1.931881,4,283.7063
0.445218,6,283.773289
6.702718,16,283.959818
4.012825,11,284.085307
-2.681324,8,284.170802
2.315155,6,284.233999
2.167866,9,284.336251
-0.416311,8,284.434744
1.868403,9,284.538797
-0.794412,10,284.650289
1.708887,5,284.706786
3.400567,7,284.786773
1.066841,8,284.872268
1.689478,9,284.987763
-0.907393,11,285.113761
2.971849,9,285.215254
1.513972,3,285.256247
0.787915,15,285.432826
-0.291278,9,285.533319
2.243268,6,285.600312
2.790814,6,285.666805
1.240995,6,285.729917
-2.866814,7,285.808413
1.044547,11,285.925903
2.045493,6,285.992895
3.527942,7,286.068937
1.22666,7,286.149431
1.369758,8,286.234926
0.896448,10,286.342417
-2.442911,10,286.457192
-1.762793,9,286.558186
-2.055903,8,286.645266
4.489617,9,286.742666
0.771995,5,286.796815
3.177989,7,286.876309
0.699764,8,286.963595
1.202563,7,287.038611
2.366916,7,287.119107
1.127718,6,287.184096
3.824607,10,287.300111
1.427938,4,287.343609
-0.774065,6,287.407106
-1.064399,4,287.4551
2.477855,9,287.553592
-1.535705,10,287.66461
3.689871,7,287.739106
3.768242,11,287.863595
-0.195504,7,287.93865
-1.10231,5,287.994645
5.054447,10,288.101135
4.180529,6,288.172632
-0.422004,4,288.218131
0.572059,8,288.303626
1.902481,4,288.349618
3.745715,10,288.46111
4.091607,8,288.555106
2.45649,8,288.646165
-2.223912,8,288.730727
3.895209,8,288.82022
3.351304,19,289.033763
2.478335,10,289.147776
2.597797,7,289.223904
4.285293,17,289.413896
2.841485,6,289.477886
3.163506,11,289.602932
3.529527,10,289.71033
-0.076776,8,289.802319
-1.682052,6,289.870707
1.167564,5,289.925207
0.336257,5,289.9822
-0.183232,11,290.103192
0.696171,6,290.168186
-0.629629,8,290.25368
2.723475,10,290.35817
0.494685,5,290.415673
2.211443,11,290.533121
4.074153,10,290.645127
-1.293669,8,290.731017
1.234623,13,290.874917
1.833321,5,290.931985
2.101373,7,291.011046
-0.685389,13,291.150153
4.485147,11,291.272217
0.050526,6,291.338506
3.483636,7,291.414004
1.213283,3,291.446997
1.746366,8,291.537828
3.075065,4,291.578821
2.112844,4,291.625321
-0.20446,7,291.702312
1.770496,11,304.301533
-14.942526,26,304.307035
-3.864089,25,304.313037
5.371852,12,304.315037
7.22415,8,304.318038
1.932241,23,304.373029
-0.040648,8,304.468521
6.652543,7,304.559017
3.23965,11,304.685202
3.359038,9,304.786327
2.760158,11,304.907515
0.899435,7,304.986011
8.196485,12,305.124542
2.532766,7,305.201532
7.970152,11,305.334887
3.246968,5,305.388879
2.005097,7,305.473956
-0.630193,10,305.5863
2.986595,6,305.655797
2.431994,12,305.786158
0.498818,5,305.846366
4.470614,6,305.912904
3.084124,9,306.015027
4.619848,6,306.086015
6.910926,14,306.243009
-2.145131,16,306.421146
12.830505,17,306.611689
0.874522,10,306.728181
3.842144,12,306.862413
4.27162,18,307.063606
3.005377,7,307.146129
4.03363,6,307.215625
-2.083887,7,307.294617
5.598252,14,307.452814
8.709593,11,307.573309
1.553399,9,307.677805
2.445545,9,307.7813
2.687303,5,307.837801
5.076997,15,308.009429
1.817133,13,308.159424
5.355723,15,308.331419
0.63525,6,308.407409
3.366493,13,308.536071
0.643722,11,308.642561
2.681262,5,308.691554
4.930736,7,308.762051
2.97133,6,308.827549
5.300069,6,308.888539
2.060387,8,308.966035
-0.767856,4,309.002034
7.144576,10,309.100528
8.597672,10,309.214522
2.979717,5,309.269515
5.120207,7,309.335011
5.355607,15,309.502497
4.750955,10,309.622493
2.48773,8,309.715986
1.599656,6,309.772976
4.700512,10,309.891467
-0.334659,7,309.966965
3.29416,5,310.026969
-2.277355,5,310.077291
6.280075,12,310.196274
2.264732,4,310.239775
2.769087,6,310.298768
2.874479,6,310.367264
4.47184,9,310.463756
2.038487,3,310.491752
5.416939,13,310.610751
8.642099,15,310.760237
4.287591,6,310.821737
3.872751,7,310.900728
4.682424,9,310.999224
1.546853,9,311.092719
5.18077,6,311.155127
1.181757,7,311.222621
3.846751,12,311.336966
3.285982,7,311.399958
1.908424,7,311.470451
-0.459699,7,311.545946
3.155158,6,311.60194
6.221915,9,311.693429
4.884854,5,311.749855
7.776227,14,311.878906
5.099914,9,311.968928
2.411646,6,312.026427
3.759451,5,312.077419
4.377761,11,312.179912
3.129233,9,312.28311
3.518914,6,312.348642
6.025023,7,312.423138
0.467183,3,312.456135
-0.773381,4,312.49513
-0.888029,8,312.570163
3.171576,7,312.644661
8.539696,11,312.746155
1.323884,7,312.817174
7.760284,13,312.971213
5.222338,9,313.064295
6.391763,15,313.202781
3.816815,5,313.258278
4.652321,8,313.33033
2.102588,14,313.466817
5.295766,11,313.575445
2.250098,12,313.697532
9.632247,15,313.836522
3.230558,6,313.892514
6.727504,11,327.531488
-12.350036,14,327.534488
-0.177903,21,327.539487
16.110258,14,327.542486
0.24382,20,327.547486
-20.191684,18,327.551486
-5.520187,8,327.602479
6.68475,6,327.666689
9.813984,11,327.774947
8.822256,14,327.91303
3.505436,5,327.96229
9.124108,11,328.073385
8.918941,10,328.175878
4.773489,9,328.260375
6.001243,6,328.327872
3.632194,5,328.375865
2.327717,4,328.424364
2.554615,5,328.473355
4.850769,9,328.56785
12.350282,16,328.743841
8.761053,8,328.832336
6.146514,8,328.920451
6.885584,9,329.030942
5.526563,5,329.089933
2.704813,5,329.148432
5.744932,13,329.297916
-0.773852,5,329.353415
9.688347,13,329.498878
6.094421,11,329.630917
7.799031,7,329.712905
12.521125,16,329.881891
9.393061,18,330.117389
7.906656,8,330.205377
11.67302,14,330.353369
18.04741,22,330.613392
5.280054,9,330.715906
5.317008,6,330.789895
7.881436,7,330.87039
0.096378,4,330.914385
18.212945,18,331.126877
8.924212,7,331.219371
9.230479,11,331.350733
11.102124,11,331.490217
14.06907,19,331.692533
5.530344,7,331.773678
8.280714,8,331.868169
5.247933,8,331.947666
10.189648,11,332.079155
11.195464,12,332.22715
2.931,6,332.30414
11.369553,17,332.500651
8.098084,8,332.592143
3.434445,4,332.646644
6.785665,14,332.78813
6.270401,9,332.900623
9.941888,13,333.053611
3.624442,5,333.118109
4.815725,7,333.202099
8.719517,13,333.360089
6.425828,7,333.438585
2.645824,5,333.498574
14.957424,16,333.687084
4.5114,5,333.747585
7.299213,7,333.818446
9.70536,9,333.914632
0.751816,7,333.991622
16.118947,18,334.198737
6.619464,9,334.302838
5.87145,8,334.393847
9.801158,13,334.541841
8.832103,7,334.621863
13.067478,14,334.767319
5.57027,6,334.842816
9.381337,17,335.036894
10.132192,10,335.149384
8.489406,9,335.254876
10.136001,7,335.34037
14.744023,18,335.541356
7.758169,9,335.642848
12.175415,17,335.84412
8.229976,10,335.960218
14.59226,16,336.135446
2.097953,9,336.234452
5.955944,7,336.31752
19.614795,19,336.537539
1.003538,6,336.60553
5.374757,6,336.666609
9.345254,10,336.775659
3.873519,4,336.834158
9.269146,8,336.919652
14.464426,14,337.060138
13.118447,15,337.208624
10.789982,14,337.351617
10.396374,10,337.455906
9.998812,14,337.621898
-3.835202,11,352.799521
3.430546,13,352.802519
0.605009,8,352.804518
9.451313,16,352.80752
10.00225,10,352.810521
20.539018,19,352.815519
-0.008246,11,352.817518
-7.818544,13,352.822022
8.098153,7,352.917011
10.928033,9,353.029945
17.718072,15,353.198291
8.416798,10,353.311167
9.542512,7,353.40066
15.382053,13,353.552653
7.732629,7,353.637712
4.32373,5,353.700702
9.940036,7,353.786741
6.495003,6,353.862149
21.82919,22,354.117726
6.749516,4,354.161225
12.081735,9,354.272718
15.887807,15,354.445192
19.128535,17,354.64218
19.974081,16,354.834168
11.468629,12,354.974654
6.320836,7,355.053153
4.786675,4,355.103145
15.90151,11,355.209399
9.606804,11,355.31795
8.185428,7,355.386091
16.733313,16,355.537512
10.324849,9,355.619502
21.47112,20,355.824088
15.18378,16,355.974702
23.57858,24,356.211689
7.324127,7,356.276188
6.420355,7,356.343688
23.893967,21,356.540215
8.485539,8,356.613204
11.573418,10,356.708239
8.422582,12,356.836768
14.351463,15,356.994253
10.253039,9,357.089434
5.805869,5,357.138934
9.886478,8,357.225433
11.77947,11,357.339494
20.697762,19,357.534733
24.128362,19,357.717442
29.616753,27,357.989295
16.194357,14,358.126807
19.54856,16,358.291289
11.482138,10,358.38578
11.084315,9,358.480274
19.362159,19,358.657856
36.411502,28,358.916443
13.836133,10,359.011935
11.3999,10,359.105965
15.221355,14,359.23496
16.470761,13,359.355449
25.716352,31,359.665824
24.077365,17,359.835356
24.201981,20,360.029343
24.206429,25,360.267672
18.637816,15,360.408929
10.481792,12,360.535101
20.990115,18,360.71358
17.54788,18,360.889568
16.175731,11,360.997058
32.440248,27,361.275538
19.913161,14,361.410026
27.046722,21,361.606462
15.224639,14,361.737983
11.590156,8,361.838492
-4.203779,14,381.913205
-28.01849,13,381.916206
3.154825,14,381.919205
0.888067,21,381.923205
7.303626,20,381.929713
8.594227,10,381.931712
8.575745,11,381.955709
22.101388,16,382.21622
7.623487,15,382.453293
14.588459,12,382.641283
38.835466,33,383.128567
18.0941,14,383.317553
8.102657,9,383.42017
29.98399,22,383.629194
16.182875,14,383.762526
14.969096,12,383.892016
41.961271,34,384.213793
20.530092,16,384.362337
12.517806,20,384.546852
33.432779,29,384.859004
27.962557,20,385.087186
36.590229,26,385.369187
11.011957,9,385.462321
20.545934,21,385.670453
34.353931,31,385.994467
21.961343,16,386.157506
27.511467,26,386.433993
16.366268,11,386.553483
32.786163,27,386.851759
9.006949,6,386.915755
12.490085,10,387.029787
10.201608,8,387.119845
29.144061,22,387.356266
6.052397,4,387.403257
25.149187,20,387.623537
11.719086,8,387.709826
39.089665,31,388.064714
18.970368,14,388.219203
10.865451,10,388.318846
23.53141,17,388.503327
16.528824,19,388.705793
16.086887,12,388.830136
14.429753,31,389.175118
19.157401,15,389.33911
38.694358,28,389.649588
30.991813,28,389.968611
16.181807,12,390.108099
40.328783,31,390.446848
26.075203,29,390.763609
33.283195,25,391.035176
22.862459,26,391.318198
16.592056,13,391.459451
27.865531,22,391.704821
2.514834,14,411.219642
9.095163,20,411.223644
6.081186,7,411.225643
10.268709,13,411.228644
-13.987135,15,411.233642
-9.879314,15,411.236641
-1.569627,11,411.239145
-3.524388,6,411.241145
27.085475,20,411.470751
23.658417,18,411.688735
36.077374,32,412.069535
27.243755,22,412.32251
10.480267,12,412.459507
33.19395,24,412.736482
13.769568,14,412.905471
9.327974,7,412.994973
39.365519,30,413.340953
32.712133,24,413.615101
32.45691,28,413.930316
26.290435,25,414.223927
27.965104,22,414.467655
7.521324,8,414.556701
43.505808,32,414.923232
19.420346,15,415.097879
12.424232,10,415.20637
24.54202,21,415.440995
29.595922,25,415.710248
29.858114,26,416.010772
27.595719,19,416.225914
25.214003,17,416.429899
11.808438,10,416.538965
24.086185,18,416.74136
26.157327,22,417.001336
28.882674,21,417.230601
24.774101,18,417.426554
38.620323,26,417.68848
32.715824,28,418.007832
14.052412,12,418.147357
57.296193,50,418.690865
55.219067,40,419.123888
27.070019,22,419.371034
7.221904,6,419.448093
33.902024,32,419.830166
25.192362,21,420.077134
35.723437,31,420.426231
19.569517,17,420.60179
15.415684,13,420.735277
47.180471,34,421.08479
32.265034,22,421.301404
-15.835888,22,444.492227
-2.761331,7,444.494226
11.425032,14,444.497227
2.268674,12,444.499226
-6.281723,14,444.503225
-13.597652,18,444.507226
16.445544,28,444.685375
27.828897,21,444.901463
27.111458,21,445.124997
12.002109,10,445.23449
19.176717,17,445.416032
51.978053,38,445.798475
47.747493,36,446.155706
31.762347,39,446.563181
2.168238,3,446.598176
17.064192,13,446.732671
17.445892,15,446.885054
52.306789,48,447.367227
10.443814,9,447.452923
11.849493,9,447.542912
17.832599,16,447.721415
29.246833,33,448.114031
28.878554,24,448.395152
47.3045,36,448.816886
38.33824,29,449.151259
39.739431,31,449.525956
27.452497,22,449.79944
43.269047,32,450.170453
28.107806,23,450.437384
8.275904,6,450.515408
25.023928,20,450.758774
26.683686,20,451.016283
24.565917,20,451.274311
50.064299,40,451.783801
32.086066,25,452.062281
40.479072,47,452.599379
34.190246,26,452.913425
39.918067,28,453.224902
25.090482,20,453.440595
31.950961,28,453.768548
26.587121,23,454.021853
40.154463,29,454.352214
29.670727,24,454.627406
6.065616,14,476.868923
-10.530719,11,476.870923
-3.644034,9,476.872922
3.881913,5,476.873924
-33.325326,25,476.88092
-10.750023,14,476.883919
-24.950781,18,476.88892
18.286619,26,477.122905
18.127784,18,477.336897
14.521282,14,477.476904
28.937199,29,477.793408
22.224156,22,478.012399
26.58787,28,478.298854
37.309504,46,478.789989
22.438248,26,479.041013
26.125912,23,479.291498
32.030658,30,479.612548
26.488655,24,479.862243
47.821768,41,480.314815
35.298557,37,480.712751
49.251869,42,481.148657
35.179147,29,481.429046
25.19325,23,481.653717
37.172645,35,481.998574
35.367081,34,482.330805
23.830927,22,482.57689
18.035891,18,482.773665
32.002603,29,483.103023
34.707323,40,483.591311
19.911153,20,483.813446
35.756813,38,484.254735
5.214838,7,484.354301
7.150145,12,484.495776
35.633815,42,484.958647
22.918019,27,485.282886
29.002032,28,485.605436
42.610773,36,486.018586
42.001643,38,486.45388
11.253208,10,486.571347
-8.232904,7,508.941206
-17.988793,16,508.944205
-1.148209,8,508.946205
3.960506,11,508.948205
-19.881031,25,508.954208
-32.536776,21,508.959209
-6.125357,5,508.961208
4.712741,21,509.134192
32.060213,34,509.478705
11.609145,13,509.613196
28.65654,30,509.935671
45.777781,59,510.559655
31.611331,38,510.983801
16.211129,26,511.251777
17.501528,22,511.484915
39.604461,49,512.008126
22.891351,26,512.256112
25.059039,27,512.542494
27.82148,35,512.897747
24.568389,28,513.194453
19.182018,25,513.450079
27.973379,30,513.746282
40.367869,53,514.343498
42.193689,47,514.856921
41.080148,42,515.313366
24.144272,29,515.682353
14.212291,18,515.900118
30.462172,35,516.284636
16.679642,16,516.451461
26.762867,36,516.823668
11.831203,14,516.96822
38.485144,41,517.377844
30.14654,33,517.738974
32.848277,33,518.077483
35.028808,42,518.540849
-10.483613,14,541.044688
-33.419685,25,541.049687
-9.834189,21,541.054687
-6.301882,16,541.057686
-0.405123,5,541.060022
3.510394,6,541.061021
3.030884,9,541.063019
2.512453,12,541.139515
25.653861,34,541.517943
6.464612,18,541.716933
14.246297,28,542.009926
26.834575,39,542.426528
32.958571,54,543.005573
11.843592,22,543.243826
21.971549,37,543.633546
27.767465,36,544.015372
7.636145,12,544.159518
13.953743,21,544.357506
20.629885,28,544.665735
32.979762,46,545.158933
19.014375,27,545.445496
21.255941,32,545.792614
18.70812,30,546.106042
18.666959,37,546.510278
5.762951,8,546.593625
14.708058,23,546.840721
9.783492,15,547.001311
18.309553,24,547.243118
30.399443,42,547.712963
32.62413,50,548.277673
34.093156,54,548.891026
30.059926,41,549.357081
29.99097,45,549.861148
24.940799,33,550.279121
9.395372,13,550.422644
-21.845352,20,573.333502
-7.626702,10,573.336502
-13.961364,13,573.338501
-8.791728,14,573.341503
2.408467,7,573.344503
-29.535527,20,573.3485
-8.34275,17,573.3535
1.914795,6,573.437997
12.4136,31,573.842048
15.413069,35,574.22623
20.288521,59,574.88281
13.274545,32,575.22644
7.191371,17,575.388699
7.110745,23,575.635911
15.916997,41,576.037138
13.400339,31,576.340155
7.213693,21,576.550802
13.410031,31,576.881472
3.45697,13,577.037677
12.005312,30,577.37099
20.569903,46,577.837193
14.054353,37,578.216371
14.613118,33,578.545378
9.312834,24,578.770311
3.278774,7,578.837377
17.311694,42,579.297724
6.276104,18,579.503756
11.366209,26,579.79141
17.648035,40,580.221882
8.15829,42,580.685898
8.676032,20,580.878734
14.979279,33,581.215856
11.484504,28,581.518683
6.490232,16,581.677946
13.481267,35,582.034301
11.025791,25,582.291898
17.356298,38,582.693391
1.260228,13,582.843379
-39.337002,21,610.062251
-28.519651,20,610.06625
-38.034932,25,610.071249
-3.609768,5,610.072249
-2.218393,6,610.075251
-7.938686,16,610.079248
-3.243073,5,610.080248
-1.815181,13,610.236819
7.957167,57,610.931344
7.455263,49,611.484759
2.753548,18,611.689234
3.584882,26,612.006325
1.119306,20,612.208311
6.824378,49,612.766297
5.130205,33,613.116283
3.313871,23,613.36626
2.721108,29,613.715609
7.493526,48,614.284546
2.275274,15,614.444538
5.993513,36,614.832974
2.327611,18,615.071224
8.871145,56,615.645419
1.481998,9,615.757425
0.023986,22,616.018226
3.395158,33,616.402945
7.131757,53,617.013732
6.711809,49,617.551358
5.050521,29,617.844423
3.613845,30,618.166391
1.797683,15,618.34765
3.257331,29,618.708795
5.87417,43,619.237354
6.470226,41,619.812684
6.267581,49,620.384452
-28.773343,18,647.468323
-9.158826,12,647.471323
-15.433352,13,647.474322
-46.118748,23,647.479323
-38.170147,22,647.48632
-3.167657,6,647.487319
-5.335104,12,647.55538
-4.854396,44,648.086118
-8.426951,44,648.584539
-5.921831,58,649.227665
-3.436758,23,649.478035
-6.252325,30,649.803298
-3.746041,17,649.968291
-4.756372,38,650.365347
-8.120043,48,650.879414
-2.214168,19,651.057012
-1.354815,12,651.171077
-7.498608,55,651.73825
-4.464135,36,652.095281
-3.160435,27,652.349561
-1.774382,15,652.496553
-5.382365,44,652.925552
-2.196275,14,653.058589
-4.911852,49,653.528531
-3.059435,19,653.733517
-4.837185,33,654.091991
-6.083222,52,654.614086
-3.183254,28,654.905561
-2.538794,21,655.146625
-7.717672,42,655.631204
-5.060872,37,656.07728
-3.363864,25,656.368715
-2.975764,24,656.642534
-3.987431,37,657.049299
-22.751453,18,679.639013
-4.516556,11,679.642011
-24.394646,17,679.645011
-24.772059,17,679.64901
-31.622836,15,679.65301
-26.927256,16,679.65701
-12.809402,7,679.660008
-13.484189,43,680.180709
-13.850898,30,680.529978
-13.111749,30,680.869142
-17.962523,47,681.337361
-3.888877,10,681.45528
-10.202078,25,681.737873
-12.006936,31,682.035682
-8.119415,20,682.222817
-13.740314,32,682.538046
-13.771684,31,682.861597
-13.194778,30,683.164056
-19.196723,46,683.594147
-15.397711,42,684.0045
-15.918914,39,684.376263
-19.926593,49,684.839417
-17.647194,35,685.199309
-10.247174,22,685.427288
-16.61708,34,685.787844
-12.415862,29,686.057636
-13.808101,36,686.401296
-18.575123,43,686.86377
-4.421736,14,687.011838
-16.691656,29,687.303639
-18.101002,44,687.736624
-12.48085,28,688.064708
-13.751937,42,688.54029
-7.204491,13,688.687078
-8.108165,24,688.962303
-10.812403,9,712.058788
-6.32287,7,712.06079
-32.933696,14,712.063788
-14.880713,11,712.065788
0.089977,4,712.068788
-36.355346,17,712.071787
-70.772311,32,712.078785
-12.681942,10,712.121289
-20.827193,34,712.527012
-35.26256,52,713.106597
-26.652081,44,713.593696
-16.109126,20,713.818187
-31.690517,52,714.360642
-36.266391,57,714.907367
-16.858683,24,715.145851
-15.097831,20,715.341422
-23.605831,35,715.713393
-15.123643,18,715.8764
-18.093921,26,716.116934
-21.443083,29,716.390522
-23.723263,30,716.708609
-18.725759,30,717.012711
-36.238065,55,717.683918
-27.44244,43,718.189169
-16.860601,26,718.494754
-21.048793,27,718.806229
-20.099993,32,719.159646
-34.881369,56,719.782117
-13.208046,18,720.000743
-26.080345,41,720.461333
-20.691853,28,720.763359
-25.235529,37,721.172582
-23.754752,31,721.51341
-69.845896,24,751.506373
-7.20622,6,751.508373
-23.747134,14,751.511373
-21.173688,13,751.514878
-23.576303,13,751.517879
-42.01592,19,751.521877
-15.653476,8,751.523877
-39.417009,40,751.950959
-31.354315,27,752.248192
-46.723767,49,752.806385
-23.036749,27,753.108184
-34.306458,38,753.525766
-38.031309,40,753.940205
-13.140886,11,754.05383
-33.380525,26,754.318903
-26.168657,23,754.556199
-27.977827,26,754.837556
-37.211873,35,755.206026
-9.740135,10,755.315018
-17.668153,17,755.502248
-29.568316,29,755.8203
-42.39245,43,756.284106
-44.043456,39,756.684273
-8.200442,5,756.741774
-46.12047,56,757.313227
-33.22203,44,757.776579
-39.469078,55,758.352147
-33.618203,30,758.679173
-32.459159,36,759.048667
-13.964358,17,759.217814
-8.811775,10,759.324953
-7.825885,23,759.574971
-42.393558,42,760.015441
-36.183781,39,760.431083
-22.342594,24,760.695164
-39.609988,36,761.134504
-40.008315,15,784.303592
-21.365411,13,784.306592
-22.429825,10,784.308593
-11.541389,7,784.310591
-27.538922,17,784.315594
-44.952674,22,784.321593
-58.312184,29,784.481179
-41.39415,33,784.903362
-35.054609,29,785.260341
-40.50068,28,785.617019
-15.860706,12,785.776009
-14.115986,15,785.963194
-15.407454,12,786.094681
-61.795383,45,786.55803
-31.66653,27,786.87051
-29.413895,24,787.129575
-27.657968,25,787.406556
-40.200121,33,787.76355
-48.578927,47,788.276623
-10.1498,12,788.396568
-45.761347,32,788.736399
-56.087315,45,789.220126
-48.859402,36,789.587126
-30.133548,17,789.754115
-34.420163,34,790.117585
-39.78495,26,790.391943
-48.317226,43,790.860707
-39.357929,31,791.187342
-28.34841,22,791.409417
-40.510938,33,791.759513
-28.465244,24,792.005902
-32.712908,23,792.23462
-11.041986,12,792.35648
-17.199269,13,792.477809
-34.303181,28,792.776158
-36.956539,35,793.149394
-15.584518,12,793.274932
-35.191758,31,793.583816
-19.964917,17,793.753526
-51.870756,18,820.892329
-30.461411,12,820.894327
-18.950696,8,820.896327
-9.104754,6,820.898327
-28.336954,8,820.900327
-11.961847,7,820.902326
-28.125864,11,820.90533
-11.843001,11,820.908326
-72.213166,31,821.031607
-55.744424,33,821.423901
-34.226959,22,821.665927
-55.635214,41,822.144727
-35.207122,22,822.385157
-25.19601,17,822.562652
-66.056951,43,823.03826
-40.702807,27,823.330884
-45.738385,30,823.647367
-53.164864,36,824.024676
-44.432649,32,824.363171
-44.280946,36,824.778907
-69.051203,45,825.252034
-27.036045,18,825.432501
-35.74633,21,825.667223
-23.122464,27,825.985736
-18.756065,14,826.128815
-48.511772,38,826.54444
-61.108665,42,826.963105
-40.406547,25,827.237755
-39.194613,26,827.526694
-28.110952,21,827.744526
-29.824505,23,827.972176
-20.00082,15,828.136658
-51.450702,32,828.47003
-37.971289,34,828.816256
-63.376989,34,829.176227
-37.476526,20,829.387404
-39.340921,27,829.674046
-44.314813,26,829.923166
-49.257575,28,830.206079
-16.574289,14,830.347195
-50.700283,14,850.958323
-106.486931,26,850.963377
-47.035003,19,850.967378
-42.147232,12,850.970377
-60.695397,19,850.975375
-27.6649,11,850.979376
-38.837119,19,851.232352
-51.532614,30,851.624745
-23.121375,17,851.844893
-47.661357,22,852.114908
-41.813757,23,852.396958
-19.975477,11,852.548134
-18.125342,11,852.678451
-53.916959,27,853.025154
-10.523842,6,853.11242
-30.594746,21,853.375623
-29.233362,16,853.590823
-15.704249,9,853.700907
-24.330603,13,853.874387
-51.719315,25,854.18487
-47.236631,24,854.432729
-31.87455,18,854.615763
-61.546217,41,855.039942
-43.003626,28,855.330443
-34.07495,20,855.531947
-57.970255,28,855.823646
-55.783218,32,856.159837
-27.680712,24,856.416917
-18.661919,10,856.527963
-44.793689,27,856.813959
-29.973467,18,857.01084
-23.979551,13,857.145858
-11.491179,6,857.212866
-29.094411,15,857.358719
-39.552134,22,857.589981
-25.74237,13,857.747201
-31.249838,18,857.939777
-16.893887,7,858.007274
-8.51336,7,858.081014
-17.353255,5,858.135007
-81.835937,41,858.548466
-46.620982,24,858.806758
-43.960916,32,859.146002
-34.973193,19,859.357821
-37.355697,21,859.58258
-28.070716,14,859.730023
-30.006692,17,859.920015
-31.614265,20,860.120191
-39.903825,20,860.332455
-37.260722,21,860.539443
-40.560621,21,860.755491
-20.864523,9,881.246707
-78.955009,29,881.252704
-20.380415,8,881.254709
-8.767278,6,881.256709
-25.279148,12,881.259707
-69.693914,19,881.263706
-35.792616,17,881.267769
-60.337302,34,881.7059
-9.150598,5,881.774427
-48.166697,22,881.998211
-43.788738,29,882.275181
-41.276377,28,882.54067
-33.836792,15,882.687262
-46.622757,22,882.901313
-45.034988,20,883.091522
-68.257972,40,883.476423
-36.839211,16,883.630456
-44.325229,28,883.898761
-22.518991,19,884.084749
-52.183894,29,884.369061
-17.931005,9,884.456557
-46.904413,23,884.678212
-52.283615,29,884.953356
-11.507325,4,884.991389
-40.18375,21,885.194639
-40.555526,22,885.40817
-24.046281,11,885.513934
-27.428908,10,885.614123
-86.473045,40,886.002209
-23.965662,14,886.132268
-48.581006,24,886.368246
-43.635686,24,886.607087
-15.268088,8,886.689582
-42.178539,19,886.868592
-70.111904,33,887.201068
-68.683841,34,887.54741
-31.637329,15,887.706111
-14.074665,7,887.775614
-36.207917,23,887.997426
-34.753581,16,888.151914
-36.636863,18,888.334538
-67.73062,32,888.665949
-22.949072,9,888.768866
-54.76056,26,889.066116
-37.676882,17,889.26535
-9.053655,4,889.309787
-27.825469,13,889.45013
-59.300374,32,889.782946
-53.397037,29,890.108927
-51.41797,24,890.37598
-31.725629,14,907.799448
-37.092068,12,907.801447
-21.491037,6,907.803447
-42.964144,11,907.805446
-35.242997,12,907.809447
-17.680611,11,907.811445
-78.121327,23,907.816445
-21.342908,12,907.820444
-43.671457,14,907.96422
-24.914369,9,908.061637
-16.393894,6,908.11679
-40.731494,18,908.302627
-59.191246,25,908.546281
-20.149083,6,908.60526
-53.016598,34,908.947793
-32.315353,13,909.07819
-58.103866,26,909.329271
-69.152459,26,909.630366
-14.427491,8,909.734862
-55.176922,24,910.030335
-29.824532,15,910.220391
-52.949349,23,910.489522
-46.674298,22,910.764035
-59.252854,29,911.112553
-11.334118,7,911.194059
-25.250919,19,911.403739
-18.495129,8,911.505233
-27.674733,11,911.632718
-27.593096,13,911.78987
-43.899498,20,912.022492
-22.734925,9,912.132984
-7.711059,4,912.18307
-37.071551,14,912.363551
-6.192802,5,912.431052
-59.843295,32,912.802459
-26.889849,15,912.980452
-60.610486,27,913.310701
-78.314569,34,913.697379
-8.522266,9,913.809869
-67.008758,29,914.158922
-54.205027,26,914.477403
-10.866844,6,914.548897
-79.086858,40,915.048343
-57.146592,23,915.327826
-58.59636,23,915.612241
-52.688616,24,915.914226
-48.560028,21,916.178402
-15.523121,7,916.260895
-69.585783,26,916.549456
-39.417382,14,916.71245
-18.297445,5,916.776266
-46.667868,24,917.053445
-48.0215,25,917.298696
-68.262461,28,917.560475
-9.172018,4,917.599973
-24.547775,8,917.678419
-69.350524,30,917.960968
-28.607736,10,934.279945
-20.24246,8,934.281945
-77.025526,17,934.284944
-23.588147,11,934.287944
-48.487419,10,934.29045
-10.761973,8,934.292454
-20.77302,9,934.295454
-11.583418,6,934.296453
-98.401273,35,934.44894
-36.846175,13,934.589943
-30.385791,11,934.709171
-35.993514,25,934.993507
-54.44876,20,935.206997
-5.387176,4,935.25699
-48.533483,20,935.482545
-57.118634,21,935.718792
-17.59028,7,935.807288
-27.878685,13,935.959865
-66.638461,26,936.24243
-37.156309,20,936.471037
-57.315695,23,936.711314
-26.321011,7,936.793808
-20.127866,8,936.881796
-10.206297,5,936.939933
-12.92084,6,937.01104
-13.653213,6,937.07418
-34.166446,14,937.210092
-44.41647,19,937.385573
-31.851662,18,937.588664
-33.820756,13,937.731655
-47.05255,17,937.922644
-45.333929,13,938.058131
-70.67893,28,938.348598
-44.248225,19,938.544729
-17.566938,8,938.622226
-58.341052,25,938.856733
-54.883649,27,939.121455
-31.3812,11,939.23176
-40.112337,13,939.351456
-52.004797,20,939.539829
-61.385573,29,939.823971
-17.383571,7,939.887964
-28.970092,11,939.994394
-31.806967,12,940.105707
-16.276401,14,940.243236
-22.855348,6,940.296861
-16.648919,7,940.365403
-30.204069,13,940.488498
-14.422706,6,940.547993
-12.984838,9,940.63403
-24.751391,8,940.712352
-32.918086,13,940.836384
-38.756326,17,941.000794
-38.385656,11,941.107286
-17.968274,17,941.268066
-20.719013,9,941.354011
-35.072483,17,941.516176
-27.391636,12,941.631325
-28.592243,11,941.736331
-3.955907,13,941.860397
-47.315112,14,941.993666
-68.10206,22,942.205042
-30.782779,13,942.329139
-47.648814,19,942.510198
-27.08145,11,942.617209
-69.815995,27,942.867184
-21.989038,9,942.952261
-30.596333,13,943.073266
-12.544834,6,943.133344
0.807518,4,943.171339
-30.648414,15,943.315725
-44.020484,19,960.702049
-51.209215,9,960.704052
-83.456595,24,960.709051
-53.860575,20,960.71305
-40.71695,9,960.717055
-41.500108,10,960.719054
-38.979456,15,960.777754
-66.91912,25,961.047743
-25.095709,12,961.176259
-35.294872,14,961.3303
-38.502735,17,961.507018
-11.093209,5,961.55901
-28.643514,15,961.735907
-62.150916,21,961.974888
-28.996167,12,962.126878
-16.442811,6,962.191871
-20.257732,16,962.422358
-3.491363,5,962.495349
-35.813351,15,962.692008
-17.877005,6,962.783499
-33.535845,14,962.963635
-13.195258,4,963.007769
-5.596749,3,963.048763
-42.99896,18,963.285743
-22.357164,6,963.358242
-32.285266,15,963.597225
-30.45421,14,963.816791
-24.080124,9,963.961276
-14.083827,4,964.025772
-39.78978,20,964.341247
-15.357719,7,964.428745
-44.759284,22,964.757772
-47.231563,17,964.997961
-24.664799,11,965.115472
-2.812492,6,965.184465
-39.899672,17,965.391451
-56.702678,19,965.597008
-17.211798,8,965.719005
-40.687854,13,965.89049
-12.329842,6,965.976985
-26.791651,8,966.071479
-27.899698,9,966.180339
-17.806756,10,966.339878
-58.019943,26,966.75626
-33.968061,10,966.888024
-21.468168,6,966.968493
-39.519803,17,967.165745
-52.352911,19,967.448069
-48.431199,15,967.607999
-35.660094,17,967.770235
-18.077634,5,967.822735
-38.676943,11,967.930229
-15.092416,6,967.997953
-22.310437,8,968.079445
-43.746664,15,968.237439
-38.502439,19,968.431667
-55.1872,20,968.671646
-36.764555,12,968.797368
-51.834331,20,968.98735
-21.746377,5,969.035521
-24.455553,7,969.122709
-42.306159,18,969.315533
-26.606295,9,969.418765
-35.13179,15,969.572996
-24.91725,12,969.686994
-21.400697,7,969.765299
-40.103999,14,969.920292
-9.26569,3,969.949288
-45.433469,18,970.146273
-39.726559,14,970.316265
-10.929247,4,970.358257
-19.785424,7,970.429388
-32.207709,14,970.597877
-34.971129,15,970.770485
-30.457616,10,970.89851
-30.942918,15,971.059281
-10.714988,8,971.135779
-46.265668,15,971.309768
-18.560112,7,971.386757
-36.89022,10,971.508578
-14.95209,5,988.02805
-98.697573,21,988.033049
-62.723429,10,988.03505
-68.494681,15,988.038048
-77.747424,22,988.044047
-104.067238,24,988.049046
-40.88947,12,988.131426
-22.949571,10,988.232424
-18.887329,6,988.293414
-14.31106,9,988.389427
-34.322406,12,988.513778
-20.642811,13,988.661261
-28.408936,11,988.787549
-4.760541,3,988.823087
-26.21477,15,988.974114
-19.951036,9,989.067166
-36.947416,10,989.197657
-12.228301,4,989.255494
-42.214381,16,989.421008
-34.308536,14,989.574493
-38.611775,29,989.863975
-32.137633,9,989.961471
-25.416785,13,990.089959
-7.39518,4,990.136082
-20.345832,13,990.263374
-23.866843,9,990.354085
-13.367535,8,990.45058
-52.380034,21,990.66719
-28.864942,11,990.794244
-28.327346,8,990.889797
-17.755454,6,990.947347
-4.323143,4,990.983852
-27.073227,10,991.090342
-18.537227,7,991.166421
-39.018288,8,991.250917
-51.937534,20,991.465901
-35.631273,13,991.597391
-47.771435,20,991.812728
-38.150523,14,991.956213
-22.457785,12,992.082303
-53.279562,21,992.306295
-38.79501,14,992.453284
-38.836143,14,992.623563
-19.349172,8,992.72106
-18.261644,10,992.850551
-41.632697,20,993.063656
-2.068299,5,993.128476
-6.017856,3,993.157474
-8.167479,4,993.198472
-29.89096,12,993.321472
-18.716193,8,993.403463
-14.089361,10,993.541451
-20.840018,7,993.610949
-42.716443,17,993.791968
-36.092642,11,993.904469
-28.311956,8,993.988964
-8.974911,9,994.09146
-57.060977,23,994.362507
-33.176815,10,994.465001
-14.099745,10,994.564498
-12.905405,6,994.625002
3.812905,10,994.746493
-1.793753,6,994.823991
-24.928138,10,994.955005
-47.215265,22,995.218462
-27.250133,8,995.31109
-19.544521,6,995.387081
-5.407491,7,995.466577
-12.872704,6,995.536415
-10.307489,9,995.634909
-32.266718,10,995.769399
-32.851893,9,995.89489
9.088398,6,995.977122
-29.189484,8,996.093122
-16.709119,12,996.264112
-26.449029,8,996.36361
-41.476905,19,996.590251
-26.28547,10,996.696749
-32.8721,15,996.907238
-9.321819,6,996.993733
-11.921428,11,997.107226
-35.377267,12,997.234224
-29.072991,9,997.327917
-34.809133,9,997.416979
16.46554,3,997.447196
-18.852203,9,997.541279
-12.308171,7,997.625298
-17.457127,7,997.727793
-13.091443,5,997.800786
-48.074517,18,998.021103
-31.842162,7,998.10324
-44.629366,14,1012.034497
-55.058303,18,1012.038496
-89.339345,23,1012.043494
-28.353381,8,1012.044494
-62.158775,18,1012.049494
-64.788197,21,1012.067491
-11.351901,14,1012.234572
-2.517196,4,1012.276565
-43.888215,13,1012.423032
-40.189661,13,1012.560563
-17.326443,7,1012.637958
-12.415983,9,1012.73945
-21.071533,8,1012.832478
-36.290227,13,1012.976963
-2.307633,7,1013.050461
-8.423309,6,1013.117959
-28.055547,10,1013.23045
-55.82624,19,1013.444433
-23.263518,6,1013.511425
-20.425781,7,1013.585918
-17.419726,8,1013.671412
-63.332599,26,1013.956475
4.533988,3,1013.988469
-22.919229,10,1014.102966
-26.910048,8,1014.195457
-36.603943,21,1014.423316
-69.647108,29,1014.750208
-35.557072,16,1014.925428
-21.334095,7,1015.00942
-10.329308,6,1015.071567
-17.37842,14,1015.226002
-44.097027,14,1015.385487
-15.69148,4,1015.432526
-30.124184,8,1015.516517
-19.577124,21,1015.734541
-15.349108,6,1015.797531
-16.642532,6,1015.866032
-23.304496,9,1015.962406
-25.82594,7,1016.039901
-9.539351,3,1016.072896
-32.326477,14,1016.228455
-14.908298,6,1016.294445
-11.013139,4,1016.341946
-18.815663,8,1016.427439
-16.5945,5,1016.48543
-44.140722,11,1016.604621
-10.710502,4,1016.649732
-29.003823,9,1016.747929
-20.353865,14,1016.908923
-37.89715,15,1017.092907
-17.709445,6,1017.159318
-39.588714,16,1017.34154
-30.648574,12,1017.47519
-8.696741,4,1017.51769
-36.390347,14,1017.673806
1.062204,5,1017.727934
-6.569579,7,1017.807923
-21.406096,10,1017.916969
-24.30558,7,1017.996128
-28.560818,9,1018.102186
-37.911946,14,1018.260426
-23.887881,7,1018.334689
-17.738737,10,1018.449728
-28.139516,10,1018.565745
-18.705338,14,1018.727825
2.683504,7,1018.808815
-21.285302,7,1018.889293
-33.924895,10,1019.006871
-23.99527,8,1019.106933
-12.085673,10,1019.220872
-52.42179,20,1019.444399
-24.281862,7,1019.525896
-27.250781,7,1019.605885
-6.994276,7,1019.682906
-23.820842,16,1019.863421
-18.683552,6,1019.929919
-62.452969,15,1020.1014
-28.053055,10,1020.214892
-31.437997,11,1020.342888
-9.261416,4,1020.393881
-4.643392,4,1020.439928
-21.734221,6,1020.507923
-16.005462,6,1020.57442
-13.993999,4,1020.621922
-24.755702,6,1020.689911
-20.266837,10,1020.803401
-7.782566,9,1020.906894
-22.276659,9,1021.011579
-40.47007,13,1021.179687
-15.763525,4,1021.223188
-52.891882,17,1021.422728
-15.684464,13,1021.569215
-26.951349,8,1021.662481
-17.636156,7,1021.744976
-25.495802,7,1021.827471
-11.872612,5,1021.883463
-28.916416,14,1022.039503
-13.011786,4,1022.083496
-41.957682,10,1036.891947
-71.585274,11,1036.893946
-14.03307,10,1036.895946
-121.597788,27,1036.901946
-65.942602,17,1036.906948
-12.811725,8,1036.909946
-66.429657,16,1036.912948
-34.114268,10,1037.017447
-39.621084,13,1037.161447
-45.053057,15,1037.344448
-28.97405,9,1037.445949
-29.212549,7,1037.522942
-28.268924,8,1037.619442
-25.596328,9,1037.721451
-8.671028,4,1037.764473
-30.704889,11,1037.887502
-30.979568,8,1037.988997
-0.366834,5,1038.0425
1.931181,4,1038.084498
-45.028681,16,1038.271217
-30.248652,11,1038.41094
-41.576473,12,1038.55037
-6.902015,6,1038.618366
-22.736363,8,1038.715404
-22.274799,12,1038.851375
-20.599046,6,1038.917368
-36.803711,15,1039.087459
2.435843,4,1039.133512
-3.948962,5,1039.1925
-22.184656,9,1039.296504
-17.271895,6,1039.364612
4.373099,3,1039.398609
-8.385314,6,1039.468511
-44.184984,13,1039.62281
-15.770787,17,1039.820357
-21.511305,9,1039.920852
-15.986012,6,1039.990349
-40.195735,11,1040.120435
-14.815143,8,1040.213932
-18.943726,5,1040.278425
-10.830721,7,1040.365247
-21.08303,12,1040.502174
-10.673622,8,1040.596391
-26.489185,10,1040.71209
-20.379154,9,1040.815588
-19.577499,4,1040.856106
-28.685392,13,1041.004599
-12.140597,5,1041.05969
-14.144006,9,1041.160736
-11.547561,5,1041.220732
-27.495857,14,1041.3749
-28.375347,8,1041.467396
-1.185498,5,1041.528899
-27.095999,9,1041.622177
-14.282343,9,1041.717196
-19.53323,8,1041.812691
-1.423625,5,1041.876194
-36.278696,11,1042.008399
-36.616945,13,1042.149501
-28.877882,10,1042.270676
-9.891122,8,1042.354175
-17.267346,9,1042.457671
-19.608185,7,1042.536739
-39.066698,14,1042.691133
-20.37713,8,1042.777281
-47.828304,16,1042.96139
-14.641211,5,1043.019385
-37.585255,18,1043.217669
-6.758087,5,1043.277169
-39.221008,8,1043.365702
-33.752264,10,1043.485749
-42.559528,21,1043.71337
-57.32839,21,1043.958114
-12.552003,10,1044.07715
-19.831869,7,1044.153193
-28.01558,11,1044.280689
-14.213812,6,1044.34519
-17.909396,13,1044.490165
-39.50133,13,1044.634852
-61.766371,24,1044.90334
-11.891832,8,1044.992838
-10.836793,7,1045.07809
4.117257,4,1045.124087
-12.839643,8,1045.221584
-31.938822,10,1045.337098
-30.755704,17,1045.53338
-12.584231,8,1045.611953
-21.445818,5,1045.664457
-33.542285,11,1045.785679
-31.585258,14,1045.942734
-38.357213,13,1046.086771
-19.761391,11,1046.226268
-31.36332,9,1046.33727
-18.145637,10,1046.452766
-16.717763,6,1046.528761
-23.189965,10,1046.640359
-24.592421,7,1046.722855
-32.040603,7,1046.805408
-15.337166,10,1046.926347
-29.057111,11,1047.048948
-16.956345,7,1047.136001
-39.02378,13,1060.669744
-121.106986,19,1060.673743
-46.995051,16,1060.676742
-42.388524,11,1060.679743
-30.566065,6,1060.682742
-21.084702,7,1060.683742
-39.192986,10,1060.685741
-47.663257,13,1060.688741
-38.913882,10,1060.744164
-4.070213,4,1060.814156
-24.017289,10,1060.970703
-0.004094,8,1061.097763
-19.79254,7,1061.195776
-1.56587,4,1061.24928
-70.845497,25,1061.611686
-65.212762,29,1062.036743
-10.405915,7,1062.11496
-30.585175,10,1062.253853
-26.897479,13,1062.413183
-17.137826,8,1062.522681
-21.808049,7,1062.598813
2.237283,4,1062.660979
-10.249873,12,1062.851977
-19.518095,8,1062.961971
-8.02694,6,1063.029965
-6.445603,5,1063.108978
1.838257,3,1063.137502
-16.796882,15,1063.359107
-41.761502,12,1063.543146
-15.653287,5,1063.617137
-11.217182,7,1063.730188
-16.767233,10,1063.845313
-13.874046,8,1063.938305
-30.019083,8,1064.054338
-28.629974,7,1064.150575
-15.624957,7,1064.232568
-14.587388,11,1064.401562
-4.050172,6,1064.490061
-14.55465,5,1064.560561
-24.196982,9,1064.674003
-17.98923,12,1064.808494
-20.718682,13,1064.938586
0.58297,4,1064.98209
-26.376841,7,1065.063588
-5.987245,6,1065.136584
-18.55119,7,1065.21664
-11.948334,7,1065.287139
-8.450556,3,1065.327018
4.164773,5,1065.379519
-41.741267,11,1065.527691
-27.78504,7,1065.611732
-9.720777,5,1065.659774
-10.420339,4,1065.703769
-27.472913,10,1065.814775
-17.133657,8,1065.895916
-1.300537,5,1065.948072
-8.658311,4,1065.994066
3.577413,6,1066.075854
-10.833418,7,1066.168874
-31.591836,12,1066.300268
-8.213152,6,1066.383766
-22.219684,7,1066.453853
-2.893199,5,1066.504845
-39.784197,25,1066.774886
-23.798452,6,1066.84739
-12.595414,5,1066.897383
-13.039291,5,1066.951887
-48.184448,12,1067.089923
-23.962078,7,1067.165974
-14.686432,9,1067.26569
-28.832973,9,1067.376052
-14.720581,5,1067.438045
-12.031778,11,1067.562583
-10.898092,8,1067.655841
-26.898662,9,1067.761341
-33.251811,11,1067.884836
-29.028394,9,1067.988929
-21.002223,11,1068.11506
-38.107256,14,1068.278065
-28.759117,8,1068.373901
-5.805985,5,1068.423093
-23.109339,7,1068.496106
-9.356377,6,1068.558611
-10.020913,7,1068.632604
-34.413594,8,1068.722672
-16.71292,5,1068.773179
-18.269946,6,1068.856673
-30.899542,10,1068.96275
-40.959596,12,1069.084753
-19.463562,5,1069.131751
-28.310898,8,1069.23181
-1.823136,7,1069.30484
-22.180345,9,1069.426931
-22.221816,8,1069.514102
-14.006657,4,1069.567285
-9.78355,4,1069.60928
-18.697624,7,1069.675517
-11.389701,4,1069.712514
-32.336073,12,1069.837285
-16.711001,6,1069.894785
-5.158007,7,1069.970811
-34.38292,9,1070.091041
-23.956039,7,1070.188077
-29.51292,13,1070.333139
-4.209312,10,1070.42964
-23.491361,12,1070.551452
-23.343471,9,1070.635958
-4.619234,6,1070.69646
-21.492652,7,1070.787439
-18.020185,6,1070.86238
-61.052113,30,1071.177555
-21.400151,10,1071.296847
-11.644676,4,1071.353649
-29.770475,8,1071.432643
-19.971948,12,1071.556736
-109.553129,23,1085.245423
-64.945174,13,1085.248916
-38.940589,17,1085.251914
-171.67962,31,1085.258914
-93.616684,17,1085.266913
-24.70879,9,1085.4314
-2.609467,7,1085.523853
-16.709608,5,1085.588658
-9.062977,8,1085.707396
-9.142697,7,1085.82189
-17.53931,7,1085.92808
-37.447462,13,1086.129862
-35.992955,8,1086.262207
-21.792562,8,1086.394218
-18.018501,4,1086.45555
-15.502393,12,1086.640039
-25.890266,9,1086.79925
-29.098415,10,1086.946283
-9.574254,8,1087.058355
-16.278268,6,1087.154416
-21.477159,7,1087.27351
-47.560058,14,1087.488692
-16.287671,8,1087.608191
-17.327624,7,1087.725002
-9.412956,4,1087.784665
-41.934392,11,1087.949644
-24.131814,9,1088.066141
-34.765793,8,1088.191633
-6.930443,5,1088.276759
-40.922493,10,1088.43079
-7.713692,3,1088.478846
-2.123229,6,1088.579709
-16.107349,5,1088.669761
-15.415827,6,1088.768293
-24.198053,7,1088.894788
-21.938111,8,1089.000288
-40.61883,13,1089.175293
-33.168405,10,1089.290528
-33.967426,9,1089.413025
-56.186521,23,1089.704475
-15.475681,6,1089.787972
-23.17992,9,1089.900039
-23.491195,8,1089.991922
-31.089025,11,1090.124943
-6.45742,4,1090.172137
-16.999581,6,1090.265265
-1.148309,5,1090.318259
-11.906573,11,1090.456236
1.560189,5,1090.51923
-9.894402,5,1090.57124
-10.005867,4,1090.619235
-11.283655,8,1090.715369
-8.418332,6,1090.793869
-30.346739,7,1090.866367
-39.125155,7,1090.936362
-9.696487,8,1091.027592
-32.898545,10,1091.142092
-34.828761,12,1091.286617
-8.999489,9,1091.388697
-41.462208,16,1091.600835
-39.222381,23,1091.895168
6.306544,4,1091.944167
-19.268611,6,1092.015559
-15.405955,5,1092.072799
-25.446464,10,1092.196905
-15.743486,7,1092.266078
-30.79991,8,1092.370081
-1.236453,3,1092.409076
-23.658889,7,1092.49926
1.641585,3,1092.536258
8.928755,5,1092.5974
-26.287822,7,1092.697258
-2.628196,7,1092.782759
-21.933986,10,1092.903255
-37.438139,11,1093.035753
-25.014279,7,1093.105252
-8.751985,4,1093.154279
-19.342125,11,1093.297291
-28.444441,9,1093.40574
-21.103554,8,1093.509234
9.818062,5,1093.56574
-33.076556,16,1093.745308
-26.478358,7,1093.838809
-40.011967,18,1094.059901
-24.643889,9,1094.169
-32.057909,8,1094.265298
-19.082686,5,1094.323399
-30.296969,8,1094.422902
-13.410148,5,1094.484404
-14.318782,6,1094.549401
-15.271961,5,1094.608903
-31.058604,8,1094.718399
-32.749051,9,1094.826516
-34.840927,9,1094.924313
-16.992562,9,1095.040357
-10.175371,5,1095.106524
-19.582943,6,1095.183027
-12.568258,7,1095.272527
-46.735794,14,1095.449007
-18.533489,9,1095.552011
-18.095894,13,1095.686504
-23.163094,12,1095.81651
-35.011359,10,1095.944529
-14.836624,5,1096.003548
-39.415963,13,1096.161417
-29.927434,6,1096.22541
-41.861566,11,1096.356385
-24.433287,6,1096.416404
-33.461306,12,1096.546406
-8.662812,6,1096.617454
-31.485608,11,1096.740552
-41.995723,9,1096.823565
-40.760043,7,1113.954981
-43.992503,14,1113.958485
-61.576692,10,1113.960484
-72.723981,21,1113.965485
-64.433991,11,1113.968484
-41.617203,9,1113.970483
-23.330029,11,1113.973483
-23.524389,15,1113.976482
-22.037924,5,1114.015478
-5.417781,9,1114.137573
-21.387909,6,1114.244599
-11.32951,6,1114.33968
-26.5185,6,1114.426832
-24.631157,7,1114.519846
-13.899134,9,1114.637939
-24.909392,12,1114.791739
-29.10322,9,1114.920234
-21.164957,9,1115.037732
-23.296293,8,1115.146233
-17.771686,9,1115.264304
0.069159,11,1115.394367
-36.929253,12,1115.526428
-22.291038,12,1115.659045
-21.257401,12,1115.791675
-14.228373,8,1115.891543
-23.635379,14,1116.071543
-18.197529,7,1116.153537
-28.467162,8,1116.236071
-25.492901,5,1116.299572
-11.724073,5,1116.359075
-30.026891,14,1116.526564
-14.468104,13,1116.688312
-29.16716,8,1116.784809
-27.123702,6,1116.854805
-39.160761,9,1116.971349
-15.318031,5,1117.035342
-15.443645,7,1117.127842
-40.51699,15,1117.298086
-47.838735,14,1117.444581
-6.395403,6,1117.518079
-11.231201,4,1117.567582
-40.547382,14,1117.743072
-25.030802,6,1117.816573
1.9186,4,1117.86276
-12.169232,9,1117.964503
-48.779635,13,1118.1185
-25.846978,7,1118.198004
-14.155835,9,1118.291157
-26.785025,9,1118.40365
-16.806474,4,1118.467151
-7.370082,6,1118.531145
-2.666845,5,1118.587645
-17.387367,5,1118.642639
-5.124395,9,1118.755135
-17.65639,8,1118.862468
-13.209753,9,1118.955461
-19.306642,9,1119.069996
-45.564354,20,1119.319596
-19.116904,6,1119.386921
-36.553672,17,1119.574583
-28.8775,7,1119.649576
-31.677218,15,1119.825571
-14.927572,10,1119.936069
-19.648023,7,1120.011954
-11.121677,4,1120.056185
-22.212986,7,1120.147379
-22.154782,10,1120.260957
-48.124523,15,1120.438021
-16.435025,4,1120.486131
-26.513189,8,1120.579629
-10.087628,5,1120.632623
-9.631721,7,1120.719123
-18.833399,13,1120.870879
-36.064341,10,1120.993376
-44.950842,13,1121.148869
-12.407152,5,1121.205936
-37.503676,11,1121.332145
-44.121863,13,1121.484457
-14.229597,7,1121.570961
-16.113098,6,1121.633953
-26.492794,10,1121.741448
-16.670702,6,1121.817947
-14.111019,7,1121.904448
-16.633261,6,1121.965952
-23.815467,11,1122.085713
-31.009037,8,1122.172998
-35.432451,15,1122.341068
-40.38341,8,1122.438566
-21.109296,4,1122.487072
-21.707602,10,1122.600566
-19.792853,6,1122.668599
-40.289933,10,1122.78864
-1.831131,5,1122.853734
-29.838826,10,1122.970736
-1.24037,9,1123.070992
-31.443564,9,1123.166094
-14.610224,5,1123.221087
-22.065689,7,1123.291209
-20.803993,7,1123.364252
-18.30294,6,1123.422245
-18.680433,10,1123.518293
-39.585318,12,1123.645783
13.314436,4,1123.684289
14.789015,4,1123.722284
-9.067683,5,1123.772678
-19.21926,6,1123.826673
-26.571611,9,1123.915172
-57.664875,18,1124.107286
-27.47259,7,1124.191784
-13.288045,7,1124.275281
-36.01098,12,1124.413781
-47.471234,10,1124.517785
-41.600115,9,1140.499597
-49.303932,13,1140.502596
-67.01779,18,1140.510595
-77.562717,15,1140.517594
-73.485534,17,1140.529593
-16.846727,6,1140.536592
-72.527729,18,1140.548591
-39.687988,11,1140.69064
-31.032266,18,1141.118094
1.269189,4,1141.219596
-28.869989,10,1141.48696
-36.308101,8,1141.717132
-16.784584,9,1141.944286
-1.08888,4,1142.042788
-17.86114,7,1142.223058
-9.297347,4,1142.321105
-30.300008,11,1142.616033
-7.151124,3,1142.684067
-31.462569,6,1142.834095
-12.602211,4,1142.928599
-31.029034,11,1143.202098
-36.071607,10,1143.41759
-14.462835,6,1143.561239
-13.39678,4,1143.659747
-24.271373,7,1143.835759
-8.168874,4,1143.935139
-34.037053,12,1144.227862
-13.961222,4,1144.319368
-15.511731,5,1144.443872
-26.249816,7,1144.621057
-62.770365,15,1144.95767
-20.3018,8,1145.16672
-0.283364,5,1145.291313
0.27824,6,1145.433655
-43.280747,12,1145.719267
-31.874754,13,1146.017974
-5.64897,5,1146.141096
-35.140356,15,1146.477824
16.457972,3,1146.54764
-20.663266,11,1146.796135
-5.139681,4,1146.891144
-39.992368,11,1147.136133
-15.499844,4,1147.227634
-29.195189,7,1147.379633
-18.281491,8,1147.568122
-3.034478,9,1147.76402
-22.405243,9,1147.955324
-22.334225,9,1148.142833
-13.490115,5,1148.263527
0.308275,4,1148.351043
-11.439528,4,1148.437042
-15.735994,4,1148.52554
-16.005369,9,1148.722535
-21.319214,8,1148.903524
-19.970711,5,1149.017488
-22.41425,4,1149.106986
-23.289717,8,1149.284053
-51.14763,15,1149.611158
-41.381974,17,1149.984873
-74.996869,27,1150.597364
-12.657991,6,1150.736662
-26.581553,12,1151.009094
0.348692,7,1151.157586
-29.672042,10,1151.374274
-25.217711,6,1151.541619
-16.927903,20,1151.969743
-18.021474,4,1152.054798
-26.585736,6,1152.183304
-41.271431,7,1152.341794
10.386808,4,1152.426902
-27.174036,6,1152.556112
-21.730678,8,1152.733259
-20.971495,13,1153.022368
-17.763551,6,1153.158445
-3.753464,6,1153.281065
-0.198407,4,1153.366059
-42.342317,13,1153.661551
-16.119584,5,1153.774554
-14.327636,10,1153.998545
-33.72281,12,1154.265746
-28.470437,7,1154.428295
-46.478095,17,1154.823464
-29.307269,7,1154.9805
-11.946979,6,1155.104994
-13.277429,4,1155.195246
-25.026875,6,1155.324745
-28.080243,8,1155.50174
-20.597016,7,1155.65523
-24.269041,10,1155.874925
-25.765666,10,1156.090389
-28.264521,10,1156.30479
-24.371206,7,1156.458043
-12.537153,4,1156.556908
-33.932535,15,1156.899989
-24.773089,8,1157.092871
-22.874232,10,1157.344199
11.888492,4,1157.475264
-37.427737,11,1157.753275
-35.890481,13,1158.025702
-22.786605,5,1158.132198
-28.657485,9,1158.330191
-26.707449,7,1158.476342
-19.585863,4,1158.562335
-18.476828,6,1158.687845
-22.945882,8,1158.859332
-26.980417,7,1159.002499
-34.713351,14,1159.313183
-34.182769,6,1159.439182
-25.659724,7,1159.602738
-17.601913,5,1159.708233
-41.217167,11,1159.940223
-26.90825,9,1160.129217
-62.885916,19,1160.534859
-20.333487,8,1160.712255
-37.415859,12,1160.972422
-62.259501,14,1190.018654
-66.204034,12,1190.024653
-104.368659,26,1190.039651
-45.602329,10,1190.05065
-60.62027,11,1190.062648
-63.098207,11,1190.067648
-88.558577,15,1190.075647
-6.24294,6,1190.178653
-3.511057,4,1190.275671
-41.731777,14,1190.596699
-27.722266,15,1190.964967
-51.811981,16,1191.34602
-67.413293,20,1191.813021
-13.311855,5,1191.928328
-18.242758,9,1192.130883
1.138819,4,1192.218942
-24.461817,7,1192.389582
-18.842699,8,1192.570813
-27.791347,7,1192.737196
-0.456068,4,1192.829222
-32.08634,6,1192.957514
-30.652295,15,1193.282884
-48.512398,14,1193.618348
-25.143723,7,1193.779405
-24.018691,9,1193.984875
-23.683083,7,1194.144441
-35.156746,10,1194.379123
-13.782006,10,1194.594764
-23.246951,11,1194.846164
-6.852234,3,1194.913963
-17.511907,10,1195.135122
-17.712538,10,1195.357294
-34.70197,11,1195.597803
-14.643701,11,1195.833848
-28.097011,9,1196.072958
-18.48007,6,1196.206026
-22.967885,6,1196.285918
-49.423461,13,1196.569194
-11.899879,3,1196.636693
-14.505321,10,1196.827015
-30.153367,8,1196.916065
-7.341018,9,1197.007101
-28.646846,7,1197.081096
-65.781517,18,1197.274184
-26.347967,7,1197.348684
-52.198108,15,1197.501683
-25.448297,6,1197.559676
-31.884319,8,1197.643177
-14.182388,12,1197.763672
-0.50361,9,1197.864002
-44.25159,12,1197.981653
-43.11584,16,1198.145653
-29.379372,13,1198.289151
-20.139792,6,1198.353155
-34.043246,8,1198.433556
-30.35937,7,1198.511415
-42.710682,16,1198.673651
-46.725728,9,1198.7639
-40.144711,11,1198.875862
-31.372396,8,1198.962358
-63.697692,15,1199.115428
-19.900732,5,1199.174421
-3.260819,7,1199.25592
-19.330248,8,1199.335569
-20.449342,6,1199.400582
-17.312612,7,1199.475574
7.100229,6,1199.536075
-4.879817,5,1199.594072
-38.965199,8,1199.680137
-24.086281,9,1199.765625
-27.677726,6,1199.831126
-28.310953,9,1199.945623
-35.814106,10,1200.06412
-48.520034,15,1200.245436
-10.685804,4,1200.295434
-22.745465,12,1200.453432
-34.928421,7,1200.533804
-10.565638,6,1200.606305
-10.841155,5,1200.661946
-45.714733,11,1200.780745
-19.526949,6,1200.848823
-14.085818,4,1200.894822
-14.009552,9,1201.006828
1.415827,4,1201.042823
-22.237596,7,1201.133324
-34.573759,9,1201.252818
-16.411207,5,1201.317876
-31.762126,8,1201.414371
-62.627131,19,1201.641936
-5.727791,5,1201.697439
-0.52722,5,1201.758431
-38.989563,10,1201.882929
-9.854947,6,1201.959969
-36.007954,8,1202.046976
-31.748887,9,1202.155123
-36.548469,15,1202.336119
-61.134512,17,1202.525323
-17.11737,6,1202.600327
-10.48731,7,1202.69132
-31.422944,11,1202.823029
-28.01273,8,1202.931854
0.914041,4,1202.98285
-11.590623,6,1203.044351
-25.307064,7,1203.130938
-15.314082,5,1203.198441
-23.228011,7,1203.285684
-11.495331,4,1203.324769
-24.372658,8,1203.426861
-16.000003,11,1203.564924
-88.452,13,1216.837463
-70.149446,12,1216.839462
-36.401211,10,1216.842463
-62.239968,17,1216.845461
-99.989531,14,1216.849461
-89.11378,25,1216.85446
-41.809506,16,1216.934966
-17.608432,6,1217.01224
-21.127656,7,1217.104742
-34.060278,8,1217.186733
-37.84196,14,1217.358364
-5.608691,9,1217.458862
-20.687495,10,1217.562363
-35.478993,11,1217.699648
-25.716904,9,1217.813653
-30.086507,10,1217.914051
-3.929605,9,1218.013564
-48.111391,14,1218.173054
-29.76132,9,1218.280552
-41.661337,18,1218.486552
-55.855424,16,1218.67216
-47.867253,10,1218.78166
-13.54248,4,1218.82665
-15.72047,6,1218.902715
13.083908,5,1218.965708
-78.205252,24,1219.252806
-10.134641,9,1219.356982
-4.028599,7,1219.444992
-23.303169,8,1219.54946
-27.870446,7,1219.636916
-5.77776,6,1219.708415
-5.917549,3,1219.742409
-7.943007,6,1219.81545
-37.390033,12,1219.967259
-25.766275,12,1220.125143
-42.344494,23,1220.399834
-28.815188,10,1220.525706
-41.929113,8,1220.62476
-66.604521,16,1220.818293
-22.516824,6,1220.900286
-11.833561,9,1221.023827
-25.15621,10,1221.141855
-24.853539,12,1221.286871
-50.451092,12,1221.420939
-33.091692,9,1221.543984
-58.104572,16,1221.729478
-59.87262,17,1221.925304
-8.255959,7,1222.007377
-32.081438,13,1222.16343
-38.754143,13,1222.315812
-38.460425,17,1222.521078
-23.475731,7,1222.608114
-0.330903,8,1222.703611
-2.310551,7,1222.797606
-13.633815,10,1222.917608
-5.974864,7,1222.997602
-36.191511,6,1223.065101
-37.47881,13,1223.219475
-24.998678,7,1223.29774
-38.360678,14,1223.469308
-36.266996,10,1223.588363
-14.691229,5,1223.649468
-17.21572,8,1223.743503
-15.623312,6,1223.810563
-14.236359,8,1223.916749
-17.845184,5,1223.994333
-20.072119,5,1224.041834
-23.975652,8,1224.141854
-25.963073,10,1224.263353
11.468788,4,1224.31438
-21.088254,8,1224.413961
1.02524,7,1224.508459
-20.872092,10,1224.628752
-3.510799,11,1224.759245
-21.866892,6,1224.826747
-13.70486,5,1224.889745
-26.369294,17,1225.085742
-30.507499,12,1225.233348
-35.653611,22,1225.474504
-12.853607,8,1225.572006
3.711049,8,1225.664503
-33.576096,9,1225.763867
-31.016962,8,1225.852364
-33.477765,12,1225.9894
-28.393804,11,1226.113758
-36.131338,12,1226.236256
-31.739138,8,1226.330754
-25.10917,9,1226.439127
-15.90254,7,1226.52175
-23.272207,7,1226.610759
-27.983931,10,1226.721256
-63.056027,13,1226.912071
-6.582898,7,1227.002063
-24.345823,8,1227.101561
-18.977135,5,1227.160604
19.030736,3,1227.1896
-16.827898,5,1227.253101
-14.852054,7,1227.324586
-7.977935,3,1227.355581
-57.139372,15,1227.511096
-41.926864,8,1241.412441
-124.502109,24,1241.417489
-45.816306,13,1241.42044
-41.56065,6,1241.422441
-114.981547,16,1241.426439
-44.193817,7,1241.428439
-60.268793,10,1241.430438
-18.743876,10,1241.432442
-57.489456,14,1241.51426
-47.758056,16,1241.6731
-16.326489,9,1241.759602
-62.086017,20,1241.961598
-53.558593,13,1242.094755
-28.4594,12,1242.208798
-16.500147,6,1242.267301
-30.711459,10,1242.366799
-45.137313,15,1242.516821
-27.306382,10,1242.612901
-46.747205,17,1242.786956
-45.761618,18,1242.954991
-4.64726,10,1243.050383
-11.552648,5,1243.10238
-31.7678,9,1243.188873
-31.919894,10,1243.280874
-59.185359,16,1243.439987
-31.395478,10,1243.538018
-15.985936,5,1243.584014
-16.064509,8,1243.663696
-57.450223,21,1243.870466
-32.479689,6,1243.926503
-32.894596,11,1244.031618
-27.403673,7,1244.098691
-28.583738,7,1244.171787
-36.323241,14,1244.306055
-26.004618,9,1244.390097
-32.712703,10,1244.488029
-14.883523,6,1244.546138
-17.493976,4,1244.583134
-42.503796,10,1244.676134
-26.736356,13,1244.797632
-22.305981,9,1244.885125
-34.598481,13,1245.009135
-26.4274,9,1245.096766
-13.780748,5,1245.14427
-6.464409,6,1245.203267
-5.127796,5,1245.252771
-34.313498,11,1245.362268
-8.653672,6,1245.419768
-26.852964,8,1245.497762
-22.502644,8,1245.577559
-16.894336,12,1245.691563
-27.422831,11,1245.797597
-29.052184,8,1245.875226
-14.018892,5,1245.923228
-17.478382,12,1246.045723
-19.703078,7,1246.113768
-19.774898,5,1246.165762
-53.247004,13,1246.301248
-12.715226,4,1246.338748
-0.654135,5,1246.388742
-41.468198,11,1246.515846
-58.956208,15,1246.673611
-28.235737,6,1246.742769
-2.510001,9,1246.846911
8.675592,4,1246.895906
-21.137711,6,1246.960957
-43.749979,15,1247.132821
-27.754174,9,1247.240829
-52.313166,16,1247.415415
-26.943499,4,1247.46741
-13.105444,9,1247.573857
-17.85264,9,1247.685354
-9.293736,6,1247.762854
-25.318304,10,1247.880068
-25.7575,7,1247.965706
-39.291883,12,1248.094097
6.043649,6,1248.154933
-20.493275,9,1248.260428
-19.352351,9,1248.362128
-24.265094,9,1248.465352
-53.741439,12,1248.590063
-38.278218,9,1248.680258
-28.150216,12,1248.847584
-29.30127,9,1248.947011
-25.427356,8,1249.037499
-31.014538,14,1249.202535
-15.635456,11,1249.32594
-48.408835,13,1249.4725
-25.098205,7,1249.547173
-15.581198,5,1249.598171
-3.201563,7,1249.685008
-13.084438,7,1249.769191
-19.521271,5,1249.833253
-14.996074,7,1249.907245
-24.714359,7,1249.995308
-43.477187,7,1250.070669
-31.874182,7,1250.149045
2.309218,3,1250.186099
-9.655616,9,1250.281082
-26.410697,9,1250.381073
-4.519991,6,1250.453576
-38.72079,13,1250.58759
-14.614759,7,1250.675092
-27.779754,9,1250.779195
-69.013786,14,1264.066448
-38.548244,12,1264.068448
-56.450376,9,1264.070449
-212.649061,31,1264.076446
-46.056107,8,1264.079448
-78.774253,9,1264.082446
-26.2581,8,1264.083447
-69.999723,19,1264.177948
-19.100525,7,1264.247447
-35.038573,10,1264.343945
-15.780815,5,1264.39394
-28.713657,9,1264.484439
-24.677998,14,1264.626662
-12.220796,4,1264.66624
-32.686407,8,1264.742735
-23.535951,7,1264.80973
-31.709164,7,1264.880747
-10.994016,7,1264.951799
-42.006963,15,1265.095633
-14.195616,4,1265.135602
-39.853324,8,1265.218058
-34.519146,9,1265.308556
-15.807201,5,1265.356055
-25.687588,7,1265.426262
-52.864123,17,1265.590062
-37.385228,8,1265.666561
-30.16257,9,1265.751156
-55.869477,17,1265.914645
-38.89386,11,1266.020735
-17.756829,3,1266.052731
-20.464109,7,1266.122229
-15.540814,8,1266.20222
-35.750166,16,1266.358931
-38.780205,12,1266.47901
-16.421262,10,1266.582919
-43.82481,15,1266.733485
-11.840358,10,1266.835956
-24.473018,8,1266.911052
-23.046998,10,1267.013217
-17.491489,8,1267.099715
-33.446175,9,1267.1883
-23.780795,7,1267.256695
-27.316649,10,1267.352826
-36.687966,11,1267.461031
-3.877974,5,1267.512015
-30.319417,9,1267.60751
-46.512202,18,1267.803392
-44.25981,14,1267.941086
-31.00799,8,1268.029585
-38.604597,11,1268.143668
-21.006484,10,1268.246761
-5.746095,6,1268.309756
-30.500763,8,1268.392795
-38.140737,11,1268.501739
-39.702096,11,1268.611743
-20.966845,10,1268.718528
-6.377491,8,1268.805026
-16.961191,9,1268.89603
-25.213038,8,1268.98653
-23.98281,9,1269.089029
-33.907488,8,1269.188211
-42.716838,10,1269.297352
-15.425159,11,1269.422586
-29.600177,13,1269.567997
-21.95452,10,1269.690514
-48.132297,15,1269.863232
-29.181226,6,1269.940729
-23.295169,4,1269.992724
-48.09251,21,1270.255215
-12.579659,5,1270.321713
-26.497751,9,1270.427085
-36.34964,11,1270.54274
-27.801049,8,1270.635821
-27.288063,9,1270.742912
-21.764433,7,1270.822411
-42.582658,10,1270.954903
-56.887841,14,1271.134584
-19.83946,6,1271.207577
-29.70145,13,1271.350374
-15.034454,5,1271.402368
-28.100358,6,1271.473868
-25.400972,8,1271.566365
-3.967219,4,1271.613364
-20.922102,8,1271.703633
-14.349086,6,1271.776054
-18.520307,7,1271.865555
-17.406134,8,1271.964051
-28.092458,10,1272.088547
-53.587266,14,1272.258815
-9.093729,4,1272.310812
-3.386857,5,1272.371313
-4.515891,5,1272.431817
-37.097956,13,1272.565872
-46.287375,14,1272.732225
-19.598143,5,1272.795217
-49.182912,14,1272.968219
-7.431334,4,1273.018215
1.657595,7,1273.108713
-32.801687,10,1273.233712
-23.086133,5,1273.296704
-20.324819,7,1273.388888
-21.775311,7,1273.471389
-14.283337,9,1273.57889
-10.95423,11,1273.721906
-42.692721,10,1273.841601
-8.336555,5,1273.900646
-78.370275,13,1286.80328
-91.365603,14,1286.806279
-20.954424,6,1286.807282
-103.360905,23,1286.812283
-50.947404,10,1286.815283
-52.7204,9,1286.817282
-138.584256,18,1286.821283
-51.434293,19,1286.945287
-28.980831,12,1287.078784
-15.421157,5,1287.127283
-35.934538,7,1287.207277
-40.281264,11,1287.324316
-42.60919,11,1287.441389
-11.03397,5,1287.493385
-22.07337,9,1287.594422
-26.854212,9,1287.68792
-17.161444,7,1287.764419
-14.192077,7,1287.832921
-20.806969,8,1287.913915
-17.106271,8,1287.988414
-37.435888,12,1288.104448
-50.067117,14,1288.257452
-32.698184,12,1288.401451
-27.046798,10,1288.520733
-30.758064,13,1288.660301
-21.048151,9,1288.749797
-23.576433,10,1288.857662
-23.127918,7,1288.92912
-19.64436,8,1289.013622
-18.917762,5,1289.06412
-18.303029,9,1289.152215
-19.543261,6,1289.210209
-40.642756,13,1289.355007
-24.439118,6,1289.409999
-17.299176,6,1289.4715
-20.507201,11,1289.589996
-14.401523,5,1289.637496
-18.842832,8,1289.71849
-5.598855,7,1289.794549
-35.957602,8,1289.877629
-54.271013,17,1290.066979
-30.784736,6,1290.124974
-35.361953,9,1290.211013
-37.642167,10,1290.326127
-30.67671,9,1290.413162
-55.558761,18,1290.608811
-65.950176,15,1290.77094
-11.383185,5,1290.827938
-12.683091,7,1290.912433
-13.878414,9,1291.006348
-42.764393,11,1291.111326
-27.462432,7,1291.186829
-14.794742,10,1291.310323
-23.736808,7,1291.393823
-32.763656,10,1291.504319
-23.365079,7,1291.577823
-14.061518,4,1291.61782
-13.014319,4,1291.659324
-25.840034,9,1291.762394
-25.202795,6,1291.831482
-41.305188,11,1291.961492
-47.022856,12,1292.08299
-26.918695,9,1292.168486
-23.52812,13,1292.296557
-7.997135,5,1292.351611
-7.429926,4,1292.393605
-22.458246,9,1292.485616
-24.249439,8,1292.568772
-26.663059,7,1292.657268
-42.757346,16,1292.821768
-12.224324,7,1292.897047
-17.106302,4,1292.937551
-14.608556,5,1292.992547
-22.502108,7,1293.074044
-9.329823,7,1293.152145
-45.567287,10,1293.251753
-22.474256,9,1293.341421
-3.13811,4,1293.380418
-24.870983,8,1293.468437
-25.597984,11,1293.59993
-19.057355,4,1293.65543
-7.737284,6,1293.726428
-18.640921,6,1293.789911
-21.112867,9,1293.900411
-3.614578,6,1293.973488
-20.344526,7,1294.056524
-38.976679,8,1294.15102
-45.256602,15,1294.30959
-30.886185,9,1294.407743
-42.865703,11,1294.52424
-17.799063,10,1294.644241
-29.972287,11,1294.774735
-41.536642,16,1294.960376
-10.243074,7,1295.035878
-56.096239,16,1295.230004
-43.036357,9,1295.326839
-25.309632,5,1295.37523
-31.386687,10,1295.481738
-44.232831,19,1295.69199
-19.66077,6,1295.760493
-2.476604,8,1295.848989
-22.73663,7,1295.921983
6.110326,3,1295.952488
-10.097556,9,1296.045983
-29.774971,7,1296.122977
-45.54134,11,1296.242073
-42.608961,9,1296.334133
-61.820887,13,1296.465161
-3.98416,6,1296.530157
-64.608261,14,1310.432671
-33.112517,8,1310.433671
-13.307963,7,1310.435683
-79.716773,17,1310.439683
-22.933573,7,1310.441685
-61.150191,17,1310.445683
-47.808509,7,1310.447682
-60.24751,13,1310.450681
-60.901686,11,1310.455684
-28.847176,13,1310.627683
-44.522377,11,1310.799195
-26.091808,10,1310.931045
-5.739913,9,1311.044306
-25.887718,7,1311.143494
-43.786285,8,1311.260745
-23.854521,6,1311.341787
-26.394778,11,1311.464783
-9.972497,4,1311.522779
-37.716766,11,1311.683805
-10.451887,5,1311.750227
-18.823798,12,1311.906719
-36.340693,15,1312.117749
-35.234504,9,1312.231783
-39.117618,9,1312.348785
-56.625953,16,1312.547814
-24.512761,8,1312.648676
-16.089047,5,1312.718669
7.128398,4,1312.764731
-13.95112,4,1312.816724
-17.027676,5,1312.89177
-24.939076,9,1313.01784
-30.006502,11,1313.178153
-4.61224,5,1313.233152
-26.024255,8,1313.344673
-21.930337,11,1313.514697
-6.155179,5,1313.594801
-36.220445,7,1313.698298
-16.445688,6,1313.7828
-23.904039,12,1313.959797
-39.102312,12,1314.098293
-14.386769,5,1314.183791
-33.533626,12,1314.362002
-52.470662,15,1314.560995
-28.751798,7,1314.653863
-30.865165,7,1314.734646
-30.654587,10,1314.891762
-61.290587,16,1315.141877
-31.832693,10,1315.283369
-10.389992,4,1315.342872
-7.893614,6,1315.415862
-21.960967,8,1315.505359
-38.561181,8,1315.608856
-30.187824,11,1315.763952
10.672465,4,1315.833948
-24.908544,11,1315.968509
-37.728037,13,1316.143931
-25.944211,7,1316.230924
-24.632989,9,1316.355428
-26.587841,8,1316.468924
-24.078657,12,1316.619414
-16.002278,5,1316.669432
-36.977517,12,1316.815619
-43.048085,7,1316.890779
-13.965999,8,1316.986084
-24.121035,13,1317.147096
-29.166087,8,1317.247599
-18.643929,11,1317.373099
-41.664893,13,1317.5246
-20.023222,8,1317.610098
-51.606221,17,1317.801428
-18.959482,10,1317.905571
-28.722917,8,1317.989073
-9.217897,6,1318.049574
-48.86734,16,1318.215692
-8.841828,5,1318.267704
-12.000378,5,1318.314698
-24.552585,11,1318.421075
-55.864164,16,1318.579632
-9.203975,5,1318.628629
-21.664544,7,1318.704275
-8.921941,8,1318.787773
-15.333945,7,1318.863106
-26.026174,6,1318.9241
-38.116204,15,1319.073846
-67.202823,19,1319.263616
-11.297368,7,1319.330325
-35.640423,12,1319.468943
-35.0252,9,1319.556968
-27.737831,6,1319.616961
-18.820559,11,1319.741968
-26.891739,11,1319.857006
-33.211931,11,1319.96506
-16.587885,5,1320.018054
-23.95853,12,1320.153497
-20.100725,9,1320.257211
-5.343203,5,1320.309893
-10.974527,5,1320.362393
-41.890584,17,1320.530884
-36.335274,9,1320.630381
-36.073926,9,1320.74542
-64.654326,18,1320.935753
-36.838828,10,1321.041837
-21.614801,9,1321.14086
-12.303253,6,1321.201334
-29.951756,7,1321.275342
-9.222598,6,1321.331337
-86.065577,18,1336.291961
-49.394765,7,1336.29396
-152.364151,33,1336.299959
-93.521072,20,1336.304959
-73.768032,16,1336.308959
-63.012665,14,1336.38896
-25.97765,7,1336.472104
-40.380416,12,1336.600129
-1.495009,4,1336.65463
-35.076993,9,1336.771127
-40.882664,9,1336.883419
-15.9799,6,1336.958498
-14.599373,5,1337.012494
-40.372318,10,1337.124832
-38.475395,13,1337.262513
-23.910533,10,1337.365015
-17.421684,6,1337.430011
-30.519287,8,1337.509506
-16.576219,5,1337.561726
-13.030801,6,1337.619719
-40.915023,6,1337.67922
-42.845621,14,1337.811712
1.209878,3,1337.84071
-15.180914,7,1337.906631
-14.448487,6,1337.964133
-18.351342,5,1338.012128
-24.54301,6,1338.070628
-34.65916,10,1338.162671
-40.508333,12,1338.281918
-34.136892,8,1338.356668
-9.330493,4,1338.39677
-17.580961,8,1338.469811
-41.443864,10,1338.567192
-21.523011,7,1338.63412
-47.847468,17,1338.794284
-29.559216,6,1338.855336
-2.604912,5,1338.909744
-47.124326,12,1339.0214
-22.828832,9,1339.105083
-55.26266,17,1339.26374
-1.349364,7,1339.330948
4.783856,6,1339.387445
-33.304707,10,1339.484645
-29.194044,9,1339.576144
-35.73805,9,1339.670641
-23.316277,7,1339.739635
-40.331002,14,1339.87196
-25.271029,10,1339.976186
-43.431547,9,1340.083355
-15.098988,10,1340.210481
-34.304982,8,1340.30398
-30.395862,13,1340.465494
-33.503599,14,1340.625865
-23.325322,8,1340.723622
-44.007744,15,1340.891343
-17.300492,4,1340.934341
-33.4768,10,1341.059857
-11.537436,9,1341.177352
-38.075093,9,1341.285375
-51.126612,23,1341.577417
-23.523449,11,1341.71491
-36.079584,13,1341.86903
-37.508579,14,1342.042522
-22.318589,7,1342.127596
-21.961223,8,1342.227242
-14.503172,5,1342.281751
-5.359225,6,1342.355248
-28.766054,8,1342.457747
-24.879871,6,1342.531261
-48.702417,17,1342.719015
-27.609763,11,1342.838287
-32.325796,6,1342.901307
-13.050227,5,1342.963814
-39.551922,13,1343.111871
-31.364591,11,1343.248875
-31.332718,9,1343.36237
-35.575806,12,1343.515646
-28.209501,10,1343.639662
-43.096582,16,1343.826056
-76.350635,17,1344.035054
-33.817865,11,1344.169805
-23.450767,8,1344.263891
-31.120054,9,1344.370059
-52.523415,15,1344.550596
-19.408233,7,1344.641588
-42.412865,13,1344.799585
-21.171056,10,1344.915519
-19.721209,5,1344.989527
-14.601514,5,1345.042524
-57.233321,16,1345.229568
-33.740005,11,1345.34381
-52.053891,21,1345.569149
-22.562715,6,1345.640144
-39.867112,11,1345.762234
-58.541075,15,1345.924611
-46.529624,16,1346.121202
-22.40336,8,1346.21333
-20.217267,7,1346.295534
-19.981189,7,1346.384035
-67.037786,11,1361.960271
-11.198658,5,1361.961269
-85.667797,11,1361.963269
-58.991836,10,1361.966269
-71.800657,9,1361.969268
-123.431325,26,1361.974267
-113.632896,19,1361.97827
-68.592207,14,1362.03326
-45.046964,12,1362.199547
-18.510081,6,1362.273099
-36.386321,11,1362.397228
-51.920304,13,1362.553236
-20.011123,8,1362.654299
-18.488126,5,1362.711337
-24.057273,7,1362.787403
-26.202551,11,1362.909431
-20.239488,7,1362.994577
-22.728278,9,1363.094607
-16.784846,8,1363.187578
-13.813583,10,1363.296723
-63.255669,20,1363.526714
-29.905584,10,1363.649213
-7.045393,4,1363.701714
-36.112486,10,1363.830211
-32.246408,6,1363.90571
-8.228951,5,1363.967763
-25.980068,5,1364.021757
-38.224148,10,1364.126256
-14.67047,5,1364.18276
-12.185689,8,1364.267778
-20.582035,6,1364.335756
-18.441697,6,1364.401383
-40.541767,13,1364.54503
-42.468949,13,1364.691027
-15.807697,7,1364.768174
-24.239954,8,1364.863848
-37.195074,14,1365.021918
-8.028949,7,1365.104417
-43.801982,13,1365.24991
-39.429903,8,1365.342408
-92.954886,25,1365.62968
-31.3488,15,1365.796241
-51.545786,17,1365.992235
-36.721353,12,1366.130242
-25.33882,9,1366.233738
-49.150449,19,1366.447206
-44.296725,15,1366.62064
-39.017176,19,1366.842636
-5.852855,3,1366.88214
-24.187917,6,1366.955135
-22.2988,8,1367.054279
-18.193567,7,1367.137329
-20.84416,8,1367.225828
-27.907578,9,1367.327323
-26.594442,9,1367.430419
-15.275762,8,1367.523456
-31.40845,16,1367.709661
-14.297086,5,1367.766012
-27.628393,13,1367.909887
-7.883826,7,1367.988025
-41.910454,12,1368.129518
-39.651561,12,1368.268521
-18.202286,6,1368.338512
-15.347449,5,1368.395016
-29.117424,7,1368.476064
-50.952621,12,1368.606997
-34.930172,5,1368.667287
-24.657088,8,1368.756192
-28.250401,11,1368.883688
-36.598531,10,1368.994185
-58.071194,17,1369.185475
-50.2242,17,1369.376817
-32.328698,10,1369.487533
-22.220281,7,1369.565036
-67.808321,21,1369.798857
-83.724842,24,1370.065967
-0.865898,4,1370.114963
-25.974382,8,1370.205459
-11.800383,5,1370.262961
-5.141886,5,1370.320955
-31.212684,9,1370.425452
-26.240753,8,1370.51295
-57.726438,16,1370.692569
-68.477515,17,1370.885219
-30.194433,5,1370.949216
-39.295211,13,1371.103757
-18.8294,7,1371.184855
-16.697346,5,1371.243852
-16.917697,7,1371.338325
-24.351854,7,1371.425822
-17.26996,6,1371.496322
-38.478794,12,1371.631815
-38.941093,11,1371.760386
-10.425493,9,1371.859881
-13.123222,11,1371.986377
-28.527601,11,1372.109942
-34.084316,8,1372.203441
-27.265429,7,1372.277923
-92.827974,11,1385.864887
-123.453606,21,1385.869886
-38.795265,10,1385.871886
-193.740233,30,1385.877886
-58.258541,7,1385.880886
-61.668328,18,1385.884885
-28.122542,16,1386.034494
-12.698867,10,1386.155996
-43.689464,10,1386.27662
-53.741625,13,1386.424301
-16.143949,6,1386.495801
-3.008472,5,1386.555797
-21.925302,10,1386.666444
-25.439968,10,1386.778937
-24.103112,8,1386.866607
-2.0512,4,1386.909601
-14.131824,4,1386.954599
-30.210946,5,1387.012099
-2.382425,3,1387.046095
-21.837949,5,1387.100598
-6.592314,7,1387.1731
-17.734816,6,1387.241091
-7.865657,4,1387.281593
-24.918156,8,1387.371091
-21.214029,5,1387.428086
0.418009,4,1387.471592
-40.622981,13,1387.610084
-26.953715,7,1387.688586
-19.72438,6,1387.756257
-17.733069,6,1387.820754
-27.762415,10,1387.928254
-14.730105,8,1388.015223
-31.409466,10,1388.130623
-29.924264,9,1388.234993
-42.124292,11,1388.358492
-24.713128,7,1388.436989
-23.317884,8,1388.5292
-24.006225,7,1388.607579
-16.645708,5,1388.664083
-47.570265,12,1388.79641
-17.745919,5,1388.854408
-27.183232,8,1388.942901
-17.268428,7,1389.019403
-21.313519,7,1389.100819
-17.848373,8,1389.191317
-7.525352,6,1389.261312
-34.573747,6,1389.333337
-15.998317,5,1389.389839
-15.817398,7,1389.470339
-34.273204,7,1389.548934
-30.961766,10,1389.662427
-23.048169,9,1389.772538
-45.792429,11,1389.895797
-14.251658,5,1389.953984
-32.81658,6,1390.020221
-46.6404,18,1390.229168
-10.933541,4,1390.279371
-53.968863,17,1390.478905
-46.911705,12,1390.614398
-24.996592,5,1390.669488
-31.920644,7,1390.74548
-19.31124,5,1390.803981
-33.608685,8,1390.901478
-19.887155,5,1390.959246
-21.658443,6,1391.03275
-16.74408,6,1391.100776
-38.607263,10,1391.212171
-40.506379,10,1391.329798
-31.402124,12,1391.468638
-65.33068,17,1391.657684
-22.247298,5,1391.7157
-15.50728,6,1391.785732
-36.117616,9,1391.891752
-28.611889,11,1392.015939
-28.679086,9,1392.121006
-16.274726,5,1392.176017
-20.024003,9,1392.277514
-25.734883,8,1392.366281
-25.728096,10,1392.477083
-14.474952,11,1392.602626
-45.928079,15,1392.772205
-32.386206,8,1392.863197
-11.006928,4,1392.911697
-19.352098,7,1392.990921
-38.90403,13,1393.139413
-22.770526,8,1393.23347
-35.010753,12,1393.369474
-25.076117,10,1393.481647
-19.82868,10,1393.600688
-43.362497,17,1393.794198
-29.773957,9,1393.892694
-66.46912,20,1394.118726
-47.197229,14,1394.278725
-31.432136,10,1394.390744
-64.271135,16,1394.570683
-25.403442,10,1394.681444
-35.507553,8,1394.773692
-17.716303,5,1394.827687
-53.023625,13,1394.980261
-38.248087,12,1395.125755
-14.478397,7,1395.219252
-30.513122,8,1395.301847
-17.313191,8,1395.382095
-53.204945,13,1395.532146
-17.711216,5,1395.588196
-21.167982,8,1395.677695
-45.199311,16,1395.86148
-42.535371,11,1395.98987
